"id_transaksi","provinsi","kanal","nilai_transaksi","durasi_detik"
103494,"Jawa Barat","Luring",262.1,308
102783,"Sulawesi Selatan","Daring",1969.37,289
100702,"Jawa Tengah","Luring",946.37,835
101429,"Jawa Barat","Daring",227.51,636
102777,"Sulawesi Selatan","Luring",1823.83,479
100127,"Jawa Barat","Luring",1018.93,226
102332,"Sulawesi Selatan","Luring",1176.11,31
104305,"Jawa Tengah","Daring",2233.11,238
101263,"Jawa Barat","Daring",1275.04,811
102904,"Jawa Barat","Daring",1051.16,243
100031,"Jawa Barat","Daring",2247.97,209
103460,"Jawa Barat","Luring",2370.63,420
101156,"Jawa Barat","Daring",1447.59,275
104243,"Jawa Barat","Luring",2236.12,80
100770,"Jawa Tengah","Daring",182.91,896
101785,"Jawa Barat","Daring",1721.27,107
102726,"Jawa Tengah","Daring",1719.14,513
100007,"Jawa Barat","Daring",459.79,736
101590,"Jawa Tengah","Daring",2056.11,154
100087,"Jawa Barat","Luring",1580.45,809
101708,"Jawa Barat","Luring",1985.18,262
101718,"Sulawesi Selatan","Daring",2208.82,815
101164,"Jawa Barat","Luring",744.86,415
100308,"Jawa Tengah","Daring",2010.93,183
102062,"Sulawesi Selatan","Daring",1741.29,710
100928,"Sulawesi Selatan","Luring",97.47,174
102054,"Jawa Tengah","Luring",1587.35,286
100701,"Jawa Barat","Daring",1411.29,611
100028,"Jawa Tengah","Daring",1126.65,765
103009,"Jawa Barat","Luring",2484.55,757
104555,"Sulawesi Selatan","Luring",2394.74,705
100878,"Jawa Tengah","Daring",2196.59,337
103656,"Jawa Tengah","Luring",1213.81,146
100082,"Jawa Barat","Luring",1023.64,222
102931,"Jawa Barat","Daring",1940.77,39
102130,"Jawa Tengah","Luring",1485.27,862
101053,"Jawa Barat","Luring",542,497
102387,"Jawa Tengah","Daring",2185.67,816
103774,"Jawa Barat","Daring",1617.4,153
102235,"Jawa Tengah","Daring",2394.68,355
101857,"Jawa Barat","Daring",344.6,719
104374,"Jawa Tengah","Daring",1567.2,433
102174,"Jawa Tengah","Daring",986.42,636
102201,"Papua","Daring",1945.15,731
100411,"Jawa Tengah","Daring",56.42,508
100174,"Sulawesi Selatan","Luring",195.97,15
104643,"Jawa Barat","Luring",747.44,774
101474,"Papua","Daring",1044.25,711
102597,"Papua","Luring",811.41,119
101183,"Jawa Tengah","Daring",37.44,400
104859,"Jawa Tengah","Daring",249.98,813
103163,"Jawa Barat","Daring",1004.48,517
104791,"Papua","Luring",2255.86,886
104432,"Jawa Tengah","Luring",396.38,83
102616,"Sulawesi Selatan","Luring",855.79,146
103580,"Jawa Tengah","Luring",991.77,243
103703,"Jawa Tengah","Luring",429.34,36
100230,"Jawa Tengah","Daring",52.9,515
104789,"Sulawesi Selatan","Luring",2144.22,453
101006,"Jawa Tengah","Daring",1857.56,733
101493,"Jawa Tengah","Daring",1388.75,208
104478,"Sulawesi Selatan","Daring",1505.78,79
102831,"Jawa Tengah","Luring",734.99,890
102278,"Jawa Barat","Daring",1937.11,253
101998,"Papua","Luring",88.87,215
100416,"Jawa Barat","Daring",371.09,699
103152,"Papua","Daring",1995.16,841
102326,"Jawa Tengah","Luring",1033.76,271
102862,"Jawa Tengah","Daring",1266.25,122
103311,"Jawa Tengah","Daring",204.19,739
104390,"Jawa Tengah","Daring",1291.72,544
101895,"Papua","Daring",1020.68,840
103618,"Jawa Tengah","Daring",2278.69,551
104289,"Jawa Barat","Luring",64.7,747
100932,"Jawa Barat","Daring",1808.55,635
103164,"Jawa Tengah","Luring",1716.89,225
103591,"Papua","Daring",1968.69,392
102709,"Jawa Barat","Daring",171.11,881
101024,"Sulawesi Selatan","Daring",1451.37,139
104500,"Jawa Barat","Luring",1155.03,43
100619,"Jawa Barat","Luring",622.36,742
104758,"Jawa Tengah","Daring",2152.04,258
103909,"Jawa Barat","Luring",684.05,259
104811,"Sulawesi Selatan","Luring",126.18,518
100572,"Jawa Tengah","Luring",1192.65,699
104888,"Jawa Tengah","Luring",1572.18,536
103103,"Sulawesi Selatan","Luring",1987.42,39
104637,"Jawa Tengah","Daring",425.24,116
101012,"Sulawesi Selatan","Daring",2201.51,803
101078,"Jawa Tengah","Daring",1889.2,342
104610,"Papua","Daring",1719.08,658
103611,"Sulawesi Selatan","Luring",37.98,410
103809,"Papua","Daring",910.32,872
101427,"Sulawesi Selatan","Luring",591.5,590
101719,"Jawa Tengah","Daring",1211.91,219
101708,"Sulawesi Selatan","Daring",2203.71,31
103940,"Jawa Tengah","Luring",466.55,234
101823,"Jawa Barat","Daring",366.1,310
103326,"Jawa Tengah","Daring",1399.72,542
101865,"Jawa Tengah","Luring",1269.47,757
100606,"Jawa Tengah","Luring",1953.06,446
104154,"Sulawesi Selatan","Daring",53.25,722
102092,"Papua","Daring",2096.88,828
100411,"Jawa Tengah","Daring",2332.37,663
100881,"Papua","Daring",1904.2,678
100906,"Jawa Tengah","Daring",480.49,532
103367,"Sulawesi Selatan","Daring",459.12,524
103035,"Jawa Barat","Luring",33.81,764
101298,"Sulawesi Selatan","Luring",2374.45,560
102952,"Jawa Tengah","Daring",712.56,172
102043,"Papua","Luring",601.01,386
104332,"Sulawesi Selatan","Daring",1050.53,18
100542,"Jawa Tengah","Daring",1280.28,174
101610,"Sulawesi Selatan","Daring",2432.76,176
100842,"Jawa Barat","Luring",785.91,518
100259,"Jawa Tengah","Daring",803.22,729
102767,"Jawa Barat","Luring",2445.49,606
100710,"Jawa Barat","Daring",780.13,628
100795,"Jawa Barat","Luring",1483.86,281
103894,"Sulawesi Selatan","Luring",536.58,866
102219,"Jawa Barat","Daring",2164,189
100658,"Jawa Barat","Luring",1523.84,590
102833,"Jawa Barat","Daring",1683.94,571
103870,"Jawa Barat","Daring",1729.02,628
102107,"Jawa Barat","Luring",1687.45,594
100305,"Jawa Barat","Daring",1576.82,840
101928,"Jawa Barat","Luring",31.2,39
102313,"Jawa Tengah","Luring",1264.83,330
100208,"Jawa Barat","Luring",1137.95,169
102054,"Jawa Tengah","Daring",1273.02,177
101963,"Sulawesi Selatan","Luring",1267.37,452
103212,"Jawa Tengah","Daring",588.81,16
100181,"Jawa Barat","Luring",1608.52,472
100466,"Jawa Barat","Luring",1877.58,162
104378,"Jawa Barat","Daring",370.73,458
100022,"Jawa Tengah","Daring",1172.87,550
100790,"Jawa Barat","Luring",2196.67,575
102542,"Jawa Barat","Daring",1305.03,405
102795,"Jawa Barat","Daring",899.66,574
101683,"Papua","Daring",2251.37,161
103492,"Jawa Tengah","Daring",722.91,712
101424,"Papua","Daring",498.5,790
102511,"Sulawesi Selatan","Luring",2305.19,576
103208,"Jawa Tengah","Daring",1644.83,149
104555,"Jawa Barat","Daring",1815.5,559
100375,"Papua","Luring",1433.14,773
100993,"Papua","Daring",77.37,845
103189,"Jawa Tengah","Daring",1479.36,689
103357,"Jawa Tengah","Luring",2404.53,688
100281,"Jawa Barat","Luring",719.48,633
100822,"Jawa Barat","Daring",1031.25,686
100244,"Sulawesi Selatan","Luring",1834.02,879
104916,"Sulawesi Selatan","Daring",397.69,768
102678,"Jawa Barat","Luring",1077.6,759
103771,"Papua","Daring",878.45,653
103695,"Jawa Barat","Daring",2364.69,418
101829,"Jawa Barat","Daring",709.8,351
103486,"Sulawesi Selatan","Daring",729.3,22
103919,"Jawa Barat","Luring",658.95,672
100135,"Jawa Barat","Luring",1676.84,53
100621,"Jawa Tengah","Daring",2050.63,228
102527,"Jawa Tengah","Daring",2227.42,803
104672,"Jawa Tengah","Luring",2395.31,857
100565,"Jawa Tengah","Daring",1113.87,819
100621,"Jawa Barat","Daring",1460.24,539
101893,"Jawa Barat","Luring",2459.84,840
100300,"Jawa Tengah","Luring",523.42,294
102242,"Sulawesi Selatan","Daring",1404.61,506
102390,"Jawa Tengah","Daring",2077.86,700
100494,"Jawa Barat","Daring",1135.51,659
104011,"Sulawesi Selatan","Daring",1303.32,285
103634,"Jawa Tengah","Daring",88.62,104
102478,"Sulawesi Selatan","Daring",1241.79,852
103920,"Jawa Barat","Daring",1339.16,268
101118,"Jawa Tengah","Luring",741.53,547
102855,"Sulawesi Selatan","Daring",1969.36,283
104401,"Jawa Tengah","Daring",665.03,249
104701,"Jawa Barat","Daring",148.39,776
104961,"Jawa Tengah","Luring",341.21,554
102625,"Sulawesi Selatan","Daring",2436.05,438
100126,"Jawa Tengah","Luring",1842.61,656
101355,"Jawa Tengah","Daring",2307.35,899
104649,"Papua","Daring",2389.19,437
103149,"Jawa Barat","Luring",2303.77,82
101588,"Sulawesi Selatan","Daring",108,185
101312,"Jawa Barat","Luring",2099.32,338
104184,"Jawa Barat","Luring",2319.48,317
100716,"Jawa Tengah","Daring",2180.7,626
100171,"Sulawesi Selatan","Luring",63.2,53
102057,"Jawa Tengah","Daring",118.04,146
101987,"Jawa Barat","Daring",635.13,451
100501,"Jawa Tengah","Daring",2117.62,59
100845,"Jawa Barat","Daring",349.23,24
104572,"Papua","Daring",948.47,426
101560,"Sulawesi Selatan","Daring",2376.54,804
101523,"Jawa Barat","Daring",2468.69,619
100704,"Jawa Tengah","Daring",1071.23,53
102759,"Sulawesi Selatan","Daring",618.25,746
103221,"Sulawesi Selatan","Daring",1677.98,186
100968,"Sulawesi Selatan","Luring",2134.51,77
104440,"Jawa Barat","Daring",1447.32,199
103152,"Papua","Daring",941.89,665
101554,"Jawa Tengah","Daring",2000.17,189
104816,"Papua","Luring",360.62,845
102050,"Jawa Barat","Daring",1574.94,898
103741,"Sulawesi Selatan","Daring",1982.35,790
100667,"Jawa Tengah","Luring",801.65,380
104847,"Jawa Barat","Daring",1060.92,757
104202,"Jawa Tengah","Luring",1630.13,754
102874,"Jawa Barat","Daring",1243.91,273
103565,"Papua","Luring",2181.79,474
100738,"Jawa Tengah","Daring",553.69,409
100295,"Papua","Luring",918.53,94
100371,"Jawa Barat","Daring",2330.22,627
104654,"Jawa Tengah","Luring",14.65,663
102779,"Jawa Barat","Daring",2119.28,819
100607,"Jawa Barat","Luring",2402.23,240
100709,"Jawa Barat","Daring",1729.68,782
100733,"Jawa Tengah","Daring",1612.92,151
101735,"Jawa Barat","Daring",1109.67,303
100354,"Jawa Barat","Daring",931.39,65
103145,"Sulawesi Selatan","Daring",1823.54,53
100583,"Jawa Tengah","Daring",2290.42,557
103717,"Sulawesi Selatan","Luring",1424,385
101820,"Jawa Tengah","Luring",238.11,386
104340,"Jawa Barat","Daring",2269.34,681
103515,"Sulawesi Selatan","Daring",1953.32,166
100658,"Sulawesi Selatan","Luring",2164.52,502
101193,"Jawa Tengah","Daring",2160.23,380
100921,"Jawa Barat","Luring",1116.52,787
102106,"Jawa Tengah","Daring",1609.8,841
101018,"Jawa Tengah","Daring",1939.8,602
101947,"Papua","Daring",1157.7,692
102483,"Jawa Tengah","Daring",466.08,723
104396,"Jawa Tengah","Luring",603.59,798
103609,"Jawa Barat","Daring",843.34,77
104945,"Jawa Barat","Daring",1739.64,813
100360,"Jawa Barat","Daring",1787.78,588
100714,"Sulawesi Selatan","Daring",1766.05,46
104462,"Papua","Daring",1902.51,197
104858,"Jawa Barat","Daring",1828.6,369
102703,"Jawa Barat","Luring",2350.23,112
104917,"Jawa Tengah","Luring",2293.19,170
104097,"Sulawesi Selatan","Luring",2453.78,893
102958,"Jawa Barat","Luring",2056.16,767
102607,"Sulawesi Selatan","Luring",934.62,767
104076,"Jawa Barat","Daring",2039.29,149
101585,"Jawa Barat","Daring",899.06,16
100206,"Papua","Luring",521.84,601
100381,"Jawa Tengah","Luring",621.96,738
103402,"Papua","Luring",937.19,301
101841,"Jawa Tengah","Daring",223.61,461
101467,"Papua","Daring",2107.48,737
103515,"Sulawesi Selatan","Daring",2086.17,766
102172,"Sulawesi Selatan","Daring",1066.35,275
100850,"Sulawesi Selatan","Luring",710.89,593
103548,"Sulawesi Selatan","Daring",172.16,241
104530,"Jawa Barat","Luring",1596.13,230
104247,"Jawa Barat","Daring",2042.91,777
103232,"Jawa Barat","Daring",1929.27,63
102408,"Sulawesi Selatan","Daring",219.93,470
102949,"Papua","Daring",2322.34,712
104979,"Jawa Tengah","Luring",1335.19,224
101279,"Jawa Barat","Luring",2243.85,39
103611,"Jawa Barat","Luring",1638.32,720
101027,"Sulawesi Selatan","Daring",2133.88,538
102100,"Sulawesi Selatan","Daring",825.52,289
102971,"Jawa Tengah","Daring",2094.33,554
103353,"Jawa Tengah","Daring",1857.64,645
103744,"Jawa Barat","Luring",834.5,786
102301,"Jawa Tengah","Luring",829.69,346
102387,"Jawa Barat","Daring",1075.46,582
100686,"Sulawesi Selatan","Daring",619.99,646
101138,"Jawa Tengah","Daring",2186.85,597
103463,"Jawa Tengah","Daring",2363.63,458
102946,"Jawa Barat","Luring",849.5,526
104144,"Jawa Barat","Daring",748.39,770
103531,"Jawa Barat","Daring",2056.29,451
103246,"Jawa Tengah","Daring",776.28,357
100140,"Papua","Daring",1762.81,638
103225,"Jawa Barat","Luring",1962.17,569
103809,"Jawa Tengah","Daring",1263.68,177
102813,"Papua","Luring",1677.41,179
103253,"Jawa Tengah","Daring",1199.03,810
104009,"Papua","Daring",2295.34,820
102670,"Sulawesi Selatan","Daring",956.2,676
100499,"Jawa Barat","Daring",438.03,153
100356,"Sulawesi Selatan","Luring",1969.71,564
104383,"Jawa Tengah","Daring",1897.49,839
103835,"Jawa Barat","Daring",1482.88,748
100909,"Jawa Tengah","Luring",1128.72,148
104418,"Jawa Tengah","Daring",1865.29,128
103156,"Sulawesi Selatan","Daring",541.26,365
104351,"Jawa Tengah","Luring",55.74,318
103906,"Jawa Tengah","Luring",1370.43,156
103228,"Jawa Barat","Luring",1632.44,866
102969,"Jawa Tengah","Luring",124.18,804
102534,"Jawa Tengah","Daring",432.12,399
100298,"Jawa Tengah","Luring",2416.13,560
102171,"Jawa Barat","Daring",942.59,560
102549,"Jawa Barat","Daring",254.67,31
102525,"Jawa Tengah","Luring",2322.91,388
103156,"Jawa Barat","Daring",879.36,769
101715,"Sulawesi Selatan","Luring",129.13,178
104194,"Jawa Barat","Luring",611.66,63
100539,"Sulawesi Selatan","Daring",1086.94,643
103458,"Jawa Barat","Daring",2189.86,101
101402,"Jawa Tengah","Luring",1061.38,840
103590,"Jawa Barat","Daring",945.73,882
104121,"Jawa Barat","Daring",2280.26,615
104367,"Jawa Barat","Daring",2040.3,414
103720,"Sulawesi Selatan","Daring",1412.33,466
101199,"Sulawesi Selatan","Daring",825.92,285
103902,"Sulawesi Selatan","Daring",1885.36,365
101341,"Jawa Tengah","Daring",2428.67,668
104191,"Sulawesi Selatan","Daring",933.86,691
102484,"Jawa Tengah","Luring",2160.42,7
102225,"Jawa Barat","Daring",2185,605
103164,"Jawa Tengah","Daring",1675.42,669
103052,"Sulawesi Selatan","Luring",1514.2,711
104600,"Jawa Barat","Luring",1295.8,266
102214,"Jawa Tengah","Daring",2055.02,281
100968,"Sulawesi Selatan","Luring",938.43,483
104738,"Jawa Tengah","Daring",1958,555
100956,"Papua","Daring",944.32,655
103410,"Jawa Barat","Luring",839.14,554
103903,"Jawa Barat","Daring",2310.13,648
103196,"Jawa Tengah","Daring",980.54,546
101720,"Jawa Barat","Luring",1215.36,75
103744,"Jawa Barat","Daring",1894.72,518
102075,"Papua","Luring",1711.85,823
103520,"Jawa Tengah","Daring",683.37,835
103638,"Jawa Tengah","Daring",759.04,410
104300,"Jawa Barat","Daring",974.27,70
101348,"Jawa Tengah","Luring",1735.2,773
104209,"Jawa Barat","Daring",181.02,93
101173,"Sulawesi Selatan","Daring",29,843
102705,"Jawa Tengah","Daring",1773.28,741
101994,"Jawa Tengah","Luring",931.76,437
103045,"Papua","Daring",1313.91,884
101738,"Jawa Barat","Luring",499.82,471
102729,"Jawa Tengah","Luring",530.19,755
101231,"Jawa Barat","Daring",1333.17,595
100481,"Jawa Barat","Luring",1493.11,103
104047,"Jawa Barat","Luring",2329.58,691
100306,"Sulawesi Selatan","Daring",2324.73,123
101577,"Jawa Barat","Luring",1636.54,639
101540,"Jawa Barat","Luring",1192.04,28
102637,"Papua","Daring",487.16,694
101470,"Jawa Barat","Daring",1339.03,887
102773,"Jawa Barat","Daring",2336.78,316
104939,"Jawa Tengah","Daring",616.48,121
100159,"Jawa Barat","Daring",2131.18,437
100235,"Jawa Barat","Daring",1599.62,16
103178,"Jawa Tengah","Daring",2398.96,747
104485,"Jawa Barat","Daring",62.52,839
104667,"Jawa Barat","Daring",568.22,679
100241,"Jawa Barat","Luring",984.19,325
102473,"Jawa Barat","Luring",295.33,84
103741,"Jawa Barat","Daring",2165.82,611
101096,"Jawa Tengah","Luring",2477.18,794
101320,"Jawa Barat","Luring",1558.55,413
104526,"Jawa Barat","Luring",1384.19,636
100818,"Jawa Barat","Daring",76.16,62
103014,"Jawa Barat","Daring",2086.63,351
101114,"Jawa Tengah","Daring",965.47,595
104224,"Jawa Barat","Daring",301.86,561
104655,"Jawa Barat","Daring",1133.47,463
102927,"Jawa Barat","Luring",2398.38,451
104554,"Jawa Barat","Daring",1970.03,872
103651,"Sulawesi Selatan","Daring",930.31,380
102755,"Sulawesi Selatan","Daring",1908.45,751
104630,"Jawa Barat","Daring",291.49,264
102478,"Jawa Tengah","Daring",824.2,495
103724,"Jawa Tengah","Daring",530.58,379
100660,"Papua","Daring",1782.18,526
103232,"Jawa Barat","Daring",132.49,349
100420,"Papua","Luring",1242.24,188
101250,"Jawa Barat","Daring",1996.8,280
100981,"Papua","Luring",1922.12,772
103596,"Sulawesi Selatan","Luring",1567.42,671
104502,"Jawa Barat","Daring",1756.48,29
101697,"Jawa Barat","Daring",1599.45,274
102646,"Papua","Daring",684.74,709
104927,"Papua","Daring",1154.93,890
103450,"Sulawesi Selatan","Luring",1795.49,552
103171,"Jawa Tengah","Daring",2434.71,227
101133,"Jawa Barat","Luring",1172.72,553
101063,"Jawa Tengah","Daring",730.28,518
102583,"Jawa Barat","Luring",1877.8,824
104748,"Jawa Tengah","Luring",2463.11,428
103865,"Jawa Tengah","Daring",1422.18,576
101614,"Jawa Tengah","Daring",2119.98,743
100132,"Sulawesi Selatan","Daring",1569.93,774
100283,"Jawa Tengah","Daring",2143.96,35
103360,"Papua","Luring",2000.76,732
100741,"Jawa Barat","Luring",1470.85,693
103973,"Jawa Tengah","Luring",1132.29,82
102584,"Jawa Tengah","Daring",1418.78,327
100113,"Papua","Daring",18.47,149
101665,"Jawa Barat","Daring",1337.01,195
102040,"Jawa Tengah","Daring",2210.96,298
103384,"Sulawesi Selatan","Daring",1281.68,677
100750,"Jawa Tengah","Luring",2373.14,677
102047,"Papua","Daring",1314.44,643
100436,"Papua","Luring",84.84,204
100159,"Jawa Tengah","Luring",320.7,734
102254,"Jawa Tengah","Daring",551.39,138
101931,"Jawa Barat","Luring",1997.57,346
103743,"Jawa Tengah","Luring",1811.29,643
104807,"Jawa Barat","Daring",919.17,214
102446,"Sulawesi Selatan","Daring",794.56,387
101646,"Jawa Barat","Daring",289.45,645
103331,"Jawa Barat","Luring",702.43,40
101391,"Sulawesi Selatan","Daring",1517.11,190
101098,"Sulawesi Selatan","Daring",2234.83,677
102261,"Jawa Barat","Daring",741.12,748
101391,"Jawa Tengah","Luring",2088.66,377
104754,"Jawa Tengah","Luring",2496.65,491
101954,"Jawa Barat","Luring",594.92,536
100960,"Jawa Barat","Daring",2405.52,138
100264,"Sulawesi Selatan","Luring",2172.1,154
103913,"Jawa Barat","Daring",1306.47,404
102131,"Jawa Barat","Daring",1489.45,165
101349,"Jawa Barat","Daring",1523.76,716
101468,"Jawa Barat","Luring",1442.06,339
101859,"Jawa Tengah","Daring",762.13,616
101815,"Jawa Barat","Luring",1037.46,21
101807,"Jawa Barat","Daring",2105.15,321
103879,"Sulawesi Selatan","Daring",62.52,292
103913,"Jawa Tengah","Daring",622.36,500
101777,"Jawa Barat","Luring",692.57,209
103643,"Jawa Barat","Daring",481.89,553
101632,"Sulawesi Selatan","Daring",1548.19,668
104296,"Jawa Barat","Daring",2092.92,338
102297,"Jawa Barat","Daring",2263.86,372
104284,"Papua","Daring",992.79,534
101946,"Jawa Barat","Luring",94.76,828
104923,"Jawa Tengah","Luring",1114.8,794
101320,"Sulawesi Selatan","Luring",2065.71,305
102641,"Jawa Tengah","Luring",1876.59,501
101470,"Jawa Tengah","Daring",1665.37,188
100029,"Jawa Tengah","Daring",40.5,592
101026,"Papua","Daring",48.69,47
101471,"Jawa Tengah","Luring",864.09,676
103184,"Jawa Tengah","Daring",948.95,520
101095,"Sulawesi Selatan","Daring",873.87,66
102786,"Jawa Tengah","Daring",2227.96,876
101919,"Sulawesi Selatan","Daring",1239.12,576
100111,"Jawa Tengah","Daring",555.71,217
104376,"Jawa Barat","Daring",2240.69,818
102624,"Jawa Tengah","Luring",2499.11,472
101424,"Sulawesi Selatan","Luring",377.91,735
103552,"Jawa Barat","Luring",1560.18,40
101052,"Jawa Barat","Daring",1904.1,457
102310,"Jawa Tengah","Daring",302.93,746
103445,"Jawa Tengah","Luring",1311.85,184
103572,"Jawa Tengah","Daring",962.78,408
103792,"Jawa Barat","Daring",809.23,449
104154,"Jawa Barat","Daring",1784.99,622
102020,"Jawa Barat","Luring",552.93,185
104266,"Sulawesi Selatan","Daring",345.75,527
103300,"Jawa Barat","Luring",1769.62,470
100148,"Jawa Barat","Luring",372.86,500
103454,"Jawa Barat","Daring",808.98,381
102177,"Jawa Barat","Luring",1495.99,303
103218,"Jawa Tengah","Daring",355.51,330
100923,"Sulawesi Selatan","Daring",1609.46,439
101421,"Jawa Tengah","Luring",42.99,665
102624,"Jawa Barat","Luring",1895.84,359
103850,"Jawa Barat","Daring",911.08,344
101943,"Papua","Luring",507.19,303
100059,"Sulawesi Selatan","Daring",2169.61,762
101745,"Papua","Luring",683.64,30
103652,"Sulawesi Selatan","Luring",681.95,280
104435,"Sulawesi Selatan","Daring",2009.61,87
103284,"Jawa Barat","Daring",1257.32,384
100176,"Jawa Tengah","Luring",605.72,452
104899,"Jawa Barat","Luring",965.93,616
103976,"Jawa Barat","Luring",1215.84,761
103019,"Jawa Barat","Luring",1586.64,394
102583,"Sulawesi Selatan","Daring",691.8,160
102720,"Sulawesi Selatan","Daring",2442.13,418
102186,"Jawa Tengah","Daring",1484.74,693
104421,"Jawa Tengah","Daring",310.84,261
104357,"Jawa Barat","Daring",342.69,697
103842,"Sulawesi Selatan","Luring",2262.83,841
102884,"Jawa Tengah","Luring",2239.28,474
102492,"Jawa Barat","Luring",775.45,336
103627,"Jawa Barat","Daring",1300.47,106
102458,"Jawa Tengah","Daring",555.1,90
103013,"Jawa Barat","Luring",1619.95,867
102776,"Jawa Barat","Luring",1770.66,593
103637,"Jawa Tengah","Daring",73.67,156
100712,"Sulawesi Selatan","Daring",398.8,408
101675,"Jawa Tengah","Luring",2166.05,411
104459,"Jawa Tengah","Daring",1704.36,357
104479,"Sulawesi Selatan","Daring",2466.65,520
101474,"Jawa Tengah","Daring",457.74,734
104579,"Sulawesi Selatan","Luring",1677.53,721
101918,"Jawa Barat","Daring",2170.58,638
103485,"Jawa Tengah","Luring",576.6,395
103772,"Sulawesi Selatan","Luring",1247.62,54
100876,"Jawa Barat","Luring",1214.12,147
101725,"Jawa Barat","Luring",2152,566
100323,"Jawa Tengah","Luring",1889.07,76
102294,"Papua","Daring",935.74,803
103309,"Jawa Barat","Daring",187.88,578
104685,"Jawa Tengah","Daring",1058.01,856
102954,"Jawa Tengah","Daring",1050.91,879
101315,"Jawa Barat","Daring",1487.43,47
102577,"Jawa Barat","Daring",2167.33,551
102052,"Jawa Barat","Luring",963.6,51
102323,"Jawa Barat","Luring",310.56,132
104667,"Jawa Tengah","Luring",926.82,409
101510,"Jawa Barat","Daring",1744.07,308
101831,"Jawa Tengah","Luring",1491.42,299
103996,"Jawa Barat","Luring",267.4,753
101450,"Jawa Tengah","Daring",2428.16,870
102926,"Jawa Barat","Luring",1491.31,620
103009,"Jawa Tengah","Daring",718.98,225
104975,"Papua","Daring",557.4,682
103651,"Jawa Barat","Luring",2402.22,94
103926,"Sulawesi Selatan","Luring",1996.01,45
101286,"Jawa Tengah","Daring",598.88,307
103709,"Jawa Tengah","Daring",1342.51,432
102226,"Jawa Tengah","Daring",1981.61,255
101322,"Jawa Barat","Luring",600.09,575
102255,"Jawa Barat","Luring",2279.31,735
102178,"Jawa Barat","Luring",81.55,597
100838,"Jawa Tengah","Daring",662.92,870
101205,"Jawa Barat","Luring",1620.6,870
102538,"Jawa Tengah","Luring",463.95,415
100354,"Sulawesi Selatan","Luring",1447.99,602
104773,"Jawa Barat","Luring",2293.74,618
100839,"Jawa Barat","Daring",474.88,220
104061,"Jawa Barat","Daring",1651.26,561
101929,"Jawa Tengah","Daring",465.98,152
101164,"Sulawesi Selatan","Luring",2469.89,293
100770,"Jawa Barat","Daring",1459.07,357
103188,"Jawa Tengah","Daring",2111.62,878
103849,"Papua","Luring",2035.08,650
102012,"Sulawesi Selatan","Daring",1411.37,357
104165,"Jawa Tengah","Luring",868.72,392
102176,"Sulawesi Selatan","Daring",1352.21,34
101228,"Papua","Daring",1586.45,480
104043,"Sulawesi Selatan","Daring",2499.37,746
101457,"Sulawesi Selatan","Daring",1737.88,590
103639,"Sulawesi Selatan","Luring",1791.77,638
100233,"Jawa Tengah","Daring",1543.17,756
104116,"Jawa Barat","Daring",1759.97,22
100548,"Papua","Daring",34.8,604
103383,"Jawa Barat","Luring",2350.86,655
100187,"Jawa Barat","Luring",500.25,137
101058,"Jawa Tengah","Daring",1204.49,118
101826,"Sulawesi Selatan","Daring",471.92,736
101548,"Sulawesi Selatan","Daring",1961.96,485
104530,"Jawa Barat","Luring",2134.26,314
100564,"Sulawesi Selatan","Daring",348.23,809
101587,"Sulawesi Selatan","Daring",58.45,735
103662,"Sulawesi Selatan","Daring",736.73,765
104061,"Papua","Luring",1176.34,375
104565,"Jawa Barat","Luring",1993.08,388
101971,"Jawa Barat","Daring",130.1,770
100263,"Jawa Barat","Luring",705.79,204
101937,"Jawa Tengah","Daring",2117.72,450
102659,"Jawa Barat","Luring",733.59,611
102989,"Jawa Barat","Daring",1800.62,495
103480,"Papua","Daring",1706.71,887
100174,"Jawa Tengah","Daring",1997.5,8
102067,"Papua","Luring",1896.19,269
103676,"Jawa Tengah","Daring",324.68,209
101023,"Jawa Barat","Luring",371.99,620
100300,"Sulawesi Selatan","Luring",1964.65,433
100778,"Jawa Barat","Luring",691.36,614
100442,"Jawa Tengah","Luring",15.7,886
104501,"Papua","Daring",434.81,805
102473,"Jawa Tengah","Daring",1136.98,592
102081,"Jawa Barat","Luring",344.47,716
103104,"Jawa Tengah","Daring",681.82,684
104410,"Jawa Barat","Daring",2371.95,10
103307,"Jawa Tengah","Daring",572.47,18
101289,"Jawa Barat","Daring",1019.73,328
100823,"Papua","Luring",2019.17,562
104505,"Jawa Barat","Daring",1814.19,76
100236,"Jawa Barat","Luring",950.14,146
103525,"Jawa Barat","Daring",2298.05,183
103768,"Sulawesi Selatan","Daring",519.24,353
102551,"Papua","Daring",1295.31,92
102580,"Sulawesi Selatan","Luring",1273.47,488
104389,"Jawa Barat","Luring",1193.68,781
101412,"Jawa Barat","Daring",2495.91,582
101784,"Jawa Barat","Daring",72.71,613
101957,"Jawa Tengah","Daring",530.86,809
101791,"Jawa Tengah","Daring",623.54,695
100328,"Sulawesi Selatan","Luring",2028.03,675
102487,"Jawa Barat","Daring",1410.46,723
104896,"Jawa Tengah","Daring",647.67,242
102300,"Jawa Barat","Daring",1697.28,468
104690,"Papua","Daring",2179.14,882
102205,"Sulawesi Selatan","Luring",799.59,169
103081,"Jawa Tengah","Luring",2019.1,843
102138,"Jawa Tengah","Daring",885.79,408
103498,"Sulawesi Selatan","Luring",2246.79,638
100978,"Jawa Barat","Daring",159.51,620
100869,"Papua","Daring",563.07,313
104155,"Sulawesi Selatan","Daring",793.34,842
103113,"Sulawesi Selatan","Luring",1797.79,11
101004,"Jawa Barat","Luring",2433.42,501
104309,"Sulawesi Selatan","Luring",2498.45,265
101119,"Jawa Tengah","Daring",1951.9,120
102607,"Jawa Barat","Daring",24.6,201
100966,"Jawa Tengah","Luring",1348.24,81
103212,"Jawa Tengah","Daring",1653.19,796
104757,"Jawa Barat","Daring",1252.85,222
103049,"Papua","Daring",947.44,267
103556,"Jawa Barat","Daring",1803.31,374
102997,"Jawa Barat","Daring",2421.54,686
103631,"Jawa Tengah","Luring",2016.97,106
100047,"Jawa Tengah","Luring",1467.11,475
100123,"Jawa Barat","Daring",1731.86,540
102553,"Jawa Tengah","Daring",2345.98,319
101760,"Jawa Tengah","Daring",2025.58,32
103386,"Sulawesi Selatan","Luring",1038.26,165
104383,"Jawa Tengah","Daring",1281.06,188
101756,"Jawa Barat","Daring",2441.21,514
104588,"Jawa Barat","Daring",2386.87,95
104484,"Sulawesi Selatan","Luring",2286.88,218
100112,"Jawa Barat","Daring",1318.65,266
104768,"Sulawesi Selatan","Daring",1486.86,663
100050,"Jawa Barat","Daring",1090.85,84
102278,"Sulawesi Selatan","Luring",1887.96,898
100429,"Jawa Tengah","Luring",1957.64,220
104390,"Jawa Tengah","Luring",2456.51,623
100425,"Papua","Daring",656.2,804
103776,"Jawa Tengah","Luring",978.15,337
103848,"Papua","Daring",2482.37,531
103179,"Papua","Daring",1134.01,155
103377,"Jawa Tengah","Luring",830.62,519
102668,"Jawa Tengah","Luring",1195.42,633
104811,"Jawa Barat","Daring",944,819
103314,"Sulawesi Selatan","Daring",2139.11,249
102887,"Sulawesi Selatan","Luring",900.5,335
102517,"Sulawesi Selatan","Luring",336.88,15
101827,"Sulawesi Selatan","Luring",136.17,775
104642,"Sulawesi Selatan","Daring",945.92,714
104733,"Jawa Barat","Luring",1149.24,845
102521,"Jawa Barat","Daring",1461.29,603
103905,"Jawa Tengah","Luring",2227.82,426
101731,"Papua","Luring",718.18,233
103797,"Jawa Barat","Luring",1869.67,438
103402,"Jawa Barat","Luring",1964.74,6
104291,"Jawa Tengah","Daring",1964.13,206
100029,"Jawa Tengah","Daring",221.53,795
102077,"Jawa Tengah","Daring",1834.89,354
100172,"Jawa Barat","Daring",958.24,607
103210,"Sulawesi Selatan","Daring",1825.91,586
102689,"Jawa Tengah","Daring",858.19,858
104304,"Jawa Tengah","Daring",390.8,527
104891,"Jawa Barat","Luring",674.23,195
100128,"Jawa Tengah","Daring",206,409
101761,"Sulawesi Selatan","Daring",12.77,749
102531,"Jawa Barat","Daring",364.71,523
100895,"Jawa Barat","Daring",2139.81,120
100960,"Papua","Luring",1259.11,610
102047,"Jawa Barat","Daring",1011.74,816
100920,"Jawa Barat","Daring",989.24,150
104576,"Sulawesi Selatan","Daring",1830.06,301
101095,"Jawa Barat","Luring",1859.75,459
103879,"Sulawesi Selatan","Daring",2435.66,449
103206,"Sulawesi Selatan","Daring",1251.73,808
104142,"Jawa Tengah","Luring",206.77,233
102466,"Jawa Barat","Daring",812.31,72
102408,"Jawa Tengah","Luring",1211.19,443
100660,"Jawa Barat","Daring",2042.7,379
103872,"Jawa Tengah","Luring",2095.57,112
103607,"Papua","Luring",159.04,190
104519,"Jawa Barat","Daring",1729.95,484
103433,"Sulawesi Selatan","Luring",1947.8,866
104966,"Jawa Barat","Luring",554.3,660
103411,"Jawa Barat","Luring",2161.8,241
100768,"Jawa Barat","Daring",945.01,541
103206,"Jawa Barat","Luring",643.14,633
101946,"Jawa Tengah","Daring",1911.44,470
104442,"Jawa Barat","Luring",97.31,282
102258,"Sulawesi Selatan","Daring",2262.73,387
101253,"Jawa Tengah","Luring",616.96,318
101545,"Jawa Barat","Daring",1427.07,506
101374,"Jawa Barat","Luring",46.41,550
100664,"Jawa Barat","Luring",2000.67,396
103846,"Jawa Barat","Luring",1230.37,256
101913,"Jawa Tengah","Luring",737.74,617
103632,"Papua","Luring",713.73,224
101546,"Jawa Barat","Luring",547.32,69
104331,"Sulawesi Selatan","Luring",2433.49,149
103551,"Jawa Barat","Luring",388.39,770
102478,"Jawa Tengah","Luring",2089.32,545
100788,"Jawa Barat","Daring",1172.18,741
103637,"Jawa Barat","Daring",1000.12,663
101644,"Jawa Barat","Daring",350.1,168
104347,"Jawa Barat","Luring",1160.61,278
102439,"Jawa Tengah","Daring",1722.51,516
101202,"Jawa Tengah","Daring",2130.18,707
101034,"Papua","Luring",376.93,582
104805,"Jawa Barat","Daring",1053.65,70
102427,"Jawa Barat","Daring",1826.72,604
101164,"Jawa Barat","Luring",787.49,827
103349,"Jawa Barat","Luring",1410.98,882
100257,"Jawa Barat","Daring",436.65,32
102207,"Sulawesi Selatan","Luring",870.56,458
102254,"Jawa Barat","Luring",1844.79,319
103598,"Jawa Barat","Daring",682.04,438
102905,"Sulawesi Selatan","Daring",989.81,587
100607,"Sulawesi Selatan","Luring",1433.67,402
101237,"Jawa Barat","Daring",165.33,892
104581,"Jawa Barat","Luring",1762.98,871
100774,"Jawa Barat","Daring",664.63,619
101711,"Jawa Barat","Daring",1311.77,533
101256,"Jawa Tengah","Daring",1904.25,340
103430,"Jawa Barat","Luring",334.28,8
104345,"Jawa Barat","Daring",612.81,536
102345,"Jawa Tengah","Daring",1503.06,7
100090,"Papua","Daring",90.36,50
102840,"Jawa Barat","Daring",187.29,725
100092,"Jawa Barat","Daring",617.62,830
104222,"Jawa Barat","Daring",890.38,720
100493,"Sulawesi Selatan","Daring",901.18,408
101063,"Jawa Tengah","Daring",2330.08,254
104291,"Jawa Barat","Daring",1259.29,355
101630,"Sulawesi Selatan","Luring",2078.76,77
104073,"Papua","Daring",1262.51,169
101539,"Jawa Barat","Daring",2331.94,874
100999,"Jawa Tengah","Daring",2437.65,84
100621,"Sulawesi Selatan","Luring",1124.79,794
102593,"Jawa Barat","Daring",1715.61,34
103785,"Jawa Barat","Daring",553.72,720
103668,"Jawa Barat","Luring",280.83,32
100273,"Jawa Tengah","Daring",2135.57,320
103431,"Jawa Tengah","Luring",2495.72,127
103262,"Sulawesi Selatan","Luring",691.31,461
103513,"Papua","Daring",2364.94,691
100801,"Papua","Luring",2482.2,83
102892,"Jawa Barat","Luring",2349.3,616
100796,"Jawa Barat","Daring",2370.54,852
103140,"Jawa Tengah","Luring",1647.94,258
102580,"Jawa Tengah","Daring",556.41,254
100375,"Sulawesi Selatan","Daring",481.13,889
104730,"Jawa Barat","Daring",1118.95,200
104914,"Jawa Tengah","Daring",1447.24,834
104335,"Jawa Barat","Daring",41.59,858
102134,"Jawa Barat","Daring",2440.38,358
100800,"Sulawesi Selatan","Daring",2289.6,236
103444,"Jawa Tengah","Daring",1700.69,116
102845,"Papua","Daring",549.21,682
100434,"Jawa Barat","Luring",2231.29,467
102597,"Jawa Tengah","Luring",454.27,581
101788,"Jawa Tengah","Daring",2061.98,130
100368,"Sulawesi Selatan","Luring",2277.27,148
103876,"Jawa Tengah","Daring",2117.86,194
101217,"Sulawesi Selatan","Luring",171.17,253
102792,"Jawa Barat","Daring",978.96,849
101516,"Jawa Barat","Daring",1239.46,325
103017,"Jawa Barat","Daring",1018.34,535
104621,"Jawa Barat","Daring",872.04,183
100480,"Jawa Barat","Daring",691.52,773
101411,"Sulawesi Selatan","Luring",434.36,884
103444,"Jawa Tengah","Daring",1506.06,160
104298,"Jawa Tengah","Luring",1813.36,645
101524,"Jawa Tengah","Luring",575.22,335
100957,"Jawa Barat","Daring",1760.48,250
100243,"Jawa Barat","Luring",2003.21,748
104659,"Papua","Daring",314.73,123
103666,"Jawa Tengah","Daring",805.1,606
100753,"Jawa Barat","Luring",82.35,701
102532,"Jawa Barat","Daring",2231.66,772
101247,"Jawa Tengah","Luring",829.69,767
101158,"Sulawesi Selatan","Luring",1693.28,26
103598,"Jawa Barat","Daring",2260.91,535
103043,"Jawa Barat","Luring",1834.09,142
103415,"Jawa Tengah","Daring",1499.58,291
100159,"Papua","Daring",1937.76,148
104298,"Jawa Barat","Daring",1832.8,658
104906,"Jawa Barat","Daring",1458.35,520
100147,"Sulawesi Selatan","Daring",1929.1,162
100047,"Jawa Barat","Daring",2236.25,794
104164,"Jawa Tengah","Luring",2173.04,727
103141,"Jawa Barat","Daring",735.75,550
101562,"Sulawesi Selatan","Luring",1199.86,749
102051,"Jawa Barat","Luring",2298.64,333
102170,"Jawa Tengah","Daring",1299.32,800
100595,"Jawa Tengah","Daring",1582.16,424
100661,"Jawa Barat","Daring",1811.16,627
103148,"Jawa Barat","Daring",136.38,887
100587,"Sulawesi Selatan","Daring",2312.58,527
101711,"Sulawesi Selatan","Daring",1546.03,653
103609,"Jawa Tengah","Daring",1068.84,631
104682,"Jawa Barat","Daring",2055.4,447
102977,"Jawa Barat","Daring",2368.71,512
100676,"Jawa Barat","Luring",78.32,517
101712,"Papua","Daring",809.94,94
104547,"Sulawesi Selatan","Daring",360.8,632
101639,"Papua","Luring",1545.29,388
103549,"Jawa Tengah","Daring",1820.03,439
103972,"Jawa Tengah","Daring",1476.33,160
100728,"Sulawesi Selatan","Luring",1160.08,815
104610,"Jawa Barat","Daring",173.93,588
102123,"Jawa Tengah","Daring",2414,384
104533,"Jawa Tengah","Daring",1186.72,263
100909,"Jawa Tengah","Daring",1436.74,634
104073,"Jawa Barat","Luring",1495.6,202
100114,"Papua","Daring",55.83,828
104176,"Jawa Barat","Daring",1780.43,491
104859,"Jawa Barat","Daring",534.77,466
103563,"Jawa Tengah","Daring",2067.58,23
104708,"Jawa Tengah","Daring",2273.46,342
103953,"Jawa Tengah","Daring",657.93,91
102779,"Jawa Barat","Daring",1265.44,649
100399,"Sulawesi Selatan","Daring",2283.63,201
100390,"Jawa Barat","Luring",1863.19,554
103130,"Jawa Barat","Daring",683.13,539
103481,"Jawa Barat","Luring",1930.61,419
101182,"Sulawesi Selatan","Luring",1225.89,363
100809,"Jawa Barat","Luring",1640.43,840
101598,"Papua","Luring",2146.57,438
103624,"Sulawesi Selatan","Luring",797.08,642
104876,"Jawa Barat","Daring",330.83,800
104037,"Sulawesi Selatan","Daring",158.4,535
101126,"Jawa Barat","Luring",2094.97,455
102876,"Jawa Tengah","Daring",1160.44,744
100610,"Jawa Barat","Luring",2411.81,70
102362,"Jawa Barat","Daring",2266.98,499
102212,"Papua","Daring",698.76,102
104296,"Jawa Barat","Luring",1075.16,658
103032,"Jawa Tengah","Luring",2040.29,703
104290,"Jawa Tengah","Luring",1730.97,256
104639,"Jawa Barat","Daring",724.03,741
103317,"Jawa Tengah","Luring",2317.05,881
104014,"Sulawesi Selatan","Daring",527.42,558
102253,"Papua","Daring",172.74,68
102957,"Jawa Tengah","Daring",1730.4,884
104129,"Jawa Barat","Luring",579.48,321
104372,"Jawa Barat","Luring",1654.93,325
102898,"Jawa Tengah","Daring",1233.74,307
104362,"Jawa Tengah","Luring",2382.46,785
104631,"Jawa Tengah","Luring",1730.64,425
102913,"Sulawesi Selatan","Daring",1929.05,879
100500,"Jawa Tengah","Luring",1692.98,62
103080,"Jawa Barat","Daring",1928.35,78
102332,"Jawa Tengah","Daring",1019.38,786
100550,"Jawa Tengah","Luring",119.61,261
104324,"Jawa Barat","Daring",439.52,463
100156,"Jawa Barat","Luring",144.98,93
101225,"Papua","Daring",1324.07,553
102453,"Jawa Barat","Luring",1979.05,708
100212,"Jawa Tengah","Daring",2040.51,152
103630,"Jawa Barat","Daring",1000.96,509
103572,"Jawa Tengah","Daring",1069.84,633
103034,"Sulawesi Selatan","Daring",708.15,360
101378,"Jawa Barat","Daring",1599.62,655
102713,"Jawa Barat","Daring",1272.38,759
101562,"Jawa Barat","Daring",1720.61,82
101709,"Sulawesi Selatan","Luring",2358.78,451
103895,"Jawa Barat","Daring",636.73,299
101787,"Jawa Tengah","Luring",772.81,393
104914,"Jawa Barat","Luring",1394.69,714
102875,"Papua","Daring",2267.1,365
102590,"Sulawesi Selatan","Luring",1288.38,142
101343,"Papua","Daring",881.88,271
104141,"Sulawesi Selatan","Luring",79.12,617
103488,"Papua","Daring",2055.56,717
100085,"Sulawesi Selatan","Daring",1752.47,332
104787,"Jawa Tengah","Daring",2008.47,146
102681,"Jawa Tengah","Luring",658.68,428
101013,"Jawa Tengah","Daring",772.65,138
100206,"Jawa Barat","Daring",229.77,695
102912,"Sulawesi Selatan","Daring",2194.32,723
100223,"Jawa Barat","Daring",1650.74,705
102900,"Jawa Barat","Luring",1523.25,811
104602,"Jawa Barat","Luring",829.95,43
101463,"Sulawesi Selatan","Luring",2041.6,814
103788,"Papua","Luring",1180.51,554
103584,"Jawa Barat","Daring",2135.83,590
103589,"Jawa Barat","Luring",1762.01,579
100078,"Jawa Barat","Daring",1195.66,411
101483,"Jawa Barat","Luring",2492.86,585
102064,"Jawa Barat","Luring",612.72,252
100501,"Jawa Barat","Luring",1146.6,219
101462,"Sulawesi Selatan","Daring",2067.03,334
103332,"Jawa Barat","Luring",414.83,416
101331,"Sulawesi Selatan","Luring",508.15,829
100648,"Jawa Barat","Luring",1849.62,163
100057,"Sulawesi Selatan","Daring",1536.11,756
104961,"Papua","Luring",2355.04,730
101564,"Jawa Tengah","Daring",1641.36,307
102656,"Jawa Barat","Luring",2005.51,7
103610,"Papua","Daring",397.15,858
103121,"Jawa Barat","Luring",513.82,881
101900,"Jawa Barat","Luring",342.2,860
100287,"Jawa Tengah","Luring",401.9,21
102450,"Papua","Daring",521.33,441
103491,"Papua","Daring",1181.62,384
103041,"Jawa Tengah","Luring",1435.04,632
104360,"Jawa Barat","Luring",90.28,148
101303,"Jawa Barat","Luring",1296.21,107
103114,"Jawa Tengah","Luring",2464.36,458
100612,"Jawa Barat","Daring",1160.75,846
102611,"Jawa Tengah","Daring",512.25,143
104558,"Jawa Tengah","Daring",1103.02,569
104706,"Jawa Barat","Luring",1472.17,338
101788,"Jawa Barat","Daring",299.72,723
103820,"Jawa Barat","Daring",453.2,879
100918,"Jawa Barat","Luring",446.13,175
103686,"Papua","Daring",155.25,459
100433,"Jawa Tengah","Luring",154.12,368
104284,"Jawa Tengah","Daring",1539.84,531
104640,"Jawa Barat","Luring",46.92,616
103169,"Jawa Tengah","Luring",1767.12,415
100314,"Sulawesi Selatan","Daring",1005.75,182
104996,"Jawa Barat","Daring",183.53,616
101579,"Jawa Tengah","Daring",17.32,802
103184,"Sulawesi Selatan","Luring",2005.83,124
104169,"Sulawesi Selatan","Luring",747.16,118
104292,"Sulawesi Selatan","Luring",1335.73,229
104398,"Jawa Tengah","Daring",933.49,857
104102,"Papua","Luring",1735.2,86
102628,"Jawa Barat","Luring",1691.06,637
103818,"Jawa Barat","Luring",570.47,540
104765,"Jawa Tengah","Daring",104.9,790
104272,"Jawa Tengah","Luring",2071.39,241
101962,"Jawa Tengah","Daring",519.61,115
103186,"Jawa Tengah","Daring",1671.35,811
102541,"Jawa Barat","Daring",1462.59,194
100133,"Jawa Barat","Luring",159.72,353
100455,"Jawa Barat","Daring",2129,479
101059,"Jawa Barat","Luring",2156.97,339
104315,"Jawa Barat","Luring",254.4,768
104952,"Sulawesi Selatan","Daring",131.33,270
104658,"Jawa Barat","Luring",1445.27,134
104863,"Jawa Tengah","Luring",103.57,701
101419,"Jawa Barat","Daring",473.13,614
102282,"Papua","Daring",429.89,586
104263,"Jawa Barat","Daring",1455.96,463
100031,"Jawa Barat","Daring",1697.67,414
104712,"Jawa Barat","Luring",1076.22,812
101119,"Papua","Luring",1502.91,176
104215,"Jawa Barat","Luring",825.13,300
100331,"Jawa Barat","Daring",1144.02,182
101346,"Jawa Tengah","Luring",1837.68,149
100234,"Sulawesi Selatan","Luring",2004.99,653
102148,"Jawa Tengah","Luring",310.92,200
104145,"Jawa Tengah","Daring",256.54,689
101458,"Jawa Barat","Daring",519.31,796
102749,"Jawa Tengah","Daring",734.5,900
100051,"Jawa Barat","Daring",72.61,29
104624,"Jawa Tengah","Daring",152.13,360
100092,"Jawa Barat","Daring",296.73,400
100464,"Sulawesi Selatan","Luring",2008.63,105
104896,"Jawa Tengah","Daring",565.37,593
100789,"Jawa Barat","Luring",1097.88,389
101313,"Jawa Tengah","Luring",1003.01,15
103698,"Sulawesi Selatan","Luring",617.7,234
103384,"Jawa Tengah","Daring",2307.11,372
104381,"Jawa Barat","Luring",825.83,102
100583,"Jawa Tengah","Daring",186.71,644
102156,"Jawa Barat","Luring",1894.4,314
104366,"Jawa Barat","Luring",385.65,747
100838,"Sulawesi Selatan","Luring",634.09,174
100831,"Jawa Barat","Daring",1558.94,111
104841,"Jawa Tengah","Luring",1714.22,59
101887,"Sulawesi Selatan","Daring",480.88,780
104770,"Jawa Tengah","Luring",655.17,878
103805,"Sulawesi Selatan","Luring",1277.15,655
104274,"Jawa Tengah","Luring",2195.65,396
104593,"Jawa Tengah","Daring",2378.48,755
103962,"Jawa Tengah","Daring",412.27,281
101351,"Papua","Luring",1121.05,795
100581,"Sulawesi Selatan","Luring",1731.51,451
103828,"Jawa Tengah","Luring",2088.35,694
100107,"Jawa Barat","Luring",2230.52,544
100269,"Papua","Luring",2425.43,433
104916,"Jawa Tengah","Daring",267.95,604
102483,"Jawa Tengah","Luring",1805.05,200
103088,"Jawa Barat","Daring",1843.21,454
100571,"Jawa Tengah","Luring",722.29,871
101025,"Papua","Daring",165.56,766
100660,"Jawa Tengah","Daring",222.57,167
104682,"Sulawesi Selatan","Daring",1138.25,328
103387,"Sulawesi Selatan","Luring",2312.81,361
101347,"Jawa Barat","Daring",613.82,650
101791,"Jawa Barat","Daring",256.06,395
101615,"Sulawesi Selatan","Luring",939.11,148
102959,"Jawa Barat","Daring",1956.84,468
103357,"Jawa Barat","Daring",1758.27,103
101300,"Jawa Barat","Luring",259.47,222
100408,"Jawa Barat","Luring",1724.61,467
101547,"Jawa Tengah","Luring",1640.29,31
101539,"Jawa Barat","Daring",1218.99,816
103324,"Jawa Barat","Daring",2486.74,336
100723,"Jawa Tengah","Luring",128.71,661
101493,"Jawa Tengah","Daring",1177.85,571
104400,"Jawa Barat","Daring",1542.54,803
102848,"Jawa Barat","Luring",153.26,747
103148,"Jawa Tengah","Daring",1465.88,58
102132,"Jawa Barat","Luring",1785.71,127
101933,"Papua","Luring",2153.77,185
104966,"Jawa Barat","Luring",749.36,123
104534,"Jawa Barat","Luring",542.55,846
102226,"Papua","Daring",520.37,459
102410,"Jawa Tengah","Daring",686.79,565
101906,"Jawa Barat","Luring",2278.98,429
102075,"Sulawesi Selatan","Luring",1355.74,557
104006,"Jawa Barat","Luring",207.23,829
102769,"Papua","Daring",176.05,398
102638,"Jawa Tengah","Daring",1286.66,741
101298,"Jawa Barat","Luring",1784.69,412
103256,"Jawa Barat","Daring",1803.81,300
102614,"Sulawesi Selatan","Daring",1227.45,406
103926,"Jawa Tengah","Luring",1640.14,875
104121,"Jawa Barat","Luring",450.65,626
100796,"Jawa Barat","Daring",1968.48,822
102904,"Jawa Tengah","Daring",396.08,385
100290,"Jawa Barat","Daring",1408.51,848
104740,"Jawa Barat","Daring",1443.96,557
103356,"Jawa Barat","Daring",1524.38,197
101383,"Jawa Barat","Daring",2345.79,450
103296,"Jawa Tengah","Daring",675.38,172
101895,"Sulawesi Selatan","Luring",265.93,876
103525,"Jawa Barat","Daring",2129.63,732
104547,"Sulawesi Selatan","Daring",1314.72,44
102918,"Jawa Tengah","Luring",446.16,807
100570,"Jawa Barat","Luring",633.14,858
102711,"Sulawesi Selatan","Luring",967.67,9
100398,"Jawa Tengah","Luring",1921.9,794
101296,"Jawa Tengah","Daring",1990.5,340
103702,"Jawa Barat","Daring",2465.56,686
103910,"Papua","Luring",635.47,376
101707,"Jawa Barat","Luring",1835.13,177
102152,"Jawa Barat","Daring",189.08,824
100819,"Jawa Barat","Luring",1880.02,635
102456,"Jawa Barat","Daring",410.23,213
100885,"Papua","Daring",1843.78,783
100902,"Jawa Barat","Luring",673.19,246
103930,"Jawa Barat","Daring",776.04,677
101016,"Papua","Daring",1345.96,88
101228,"Jawa Barat","Luring",546.37,254
103124,"Jawa Tengah","Daring",1821.67,628
102417,"Sulawesi Selatan","Luring",2370.31,41
101687,"Jawa Tengah","Luring",650.03,114
101081,"Jawa Tengah","Luring",238.38,802
103984,"Jawa Barat","Daring",1774.59,275
103340,"Jawa Barat","Luring",564.61,330
104058,"Jawa Tengah","Daring",61.51,736
101265,"Jawa Tengah","Daring",1189.56,75
100339,"Jawa Barat","Luring",2036.14,483
103368,"Jawa Barat","Luring",2435.5,448
100794,"Jawa Barat","Daring",2135.82,198
101460,"Sulawesi Selatan","Daring",2398.31,266
100009,"Jawa Barat","Daring",639.24,231
104842,"Jawa Barat","Daring",2384.09,731
104956,"Jawa Tengah","Luring",2004.52,448
103281,"Sulawesi Selatan","Daring",1739.81,431
102250,"Jawa Barat","Daring",1185.86,502
100157,"Papua","Daring",475.09,768
102286,"Jawa Barat","Daring",1868.24,507
104577,"Sulawesi Selatan","Luring",1024.23,746
101307,"Jawa Barat","Luring",2103.44,655
102352,"Jawa Tengah","Luring",504.02,805
101326,"Jawa Barat","Daring",2245.3,85
102951,"Jawa Barat","Daring",1603.01,54
100708,"Jawa Tengah","Daring",85.11,694
104588,"Jawa Barat","Luring",1946.11,210
103752,"Jawa Tengah","Daring",1206.19,590
103288,"Jawa Tengah","Daring",236.11,477
104566,"Jawa Tengah","Luring",1751.33,809
104974,"Jawa Barat","Luring",1604.97,900
102259,"Jawa Barat","Daring",631.92,864
101497,"Jawa Barat","Daring",777.17,312
102554,"Papua","Luring",613.08,365
103189,"Jawa Barat","Daring",1111.71,791
103472,"Jawa Barat","Daring",1128.54,138
103414,"Papua","Luring",283.52,706
104452,"Jawa Barat","Daring",759.54,643
103929,"Jawa Barat","Daring",2129.59,607
101899,"Jawa Barat","Daring",443.32,168
103986,"Jawa Tengah","Luring",950.41,727
104002,"Papua","Daring",1017.03,390
103542,"Jawa Tengah","Daring",1055.99,147
103649,"Jawa Tengah","Daring",255.65,222
100536,"Jawa Tengah","Luring",151.84,625
104252,"Jawa Barat","Luring",922.76,439
101699,"Jawa Barat","Daring",601.33,17
103906,"Sulawesi Selatan","Daring",1701.05,496
102642,"Jawa Tengah","Luring",864.19,337
102621,"Jawa Barat","Luring",1780.07,677
101553,"Sulawesi Selatan","Daring",275.29,282
100387,"Sulawesi Selatan","Daring",1825.75,588
103132,"Jawa Barat","Daring",929.15,8
101747,"Papua","Daring",2289.33,190
101065,"Papua","Daring",847.9,114
104727,"Sulawesi Selatan","Luring",1044.6,203
104089,"Jawa Tengah","Daring",126.6,714
101019,"Jawa Tengah","Daring",560.93,626
102911,"Jawa Barat","Daring",107.53,342
102381,"Jawa Barat","Luring",2094.15,137
103541,"Jawa Barat","Daring",1127.87,624
101146,"Sulawesi Selatan","Daring",1513.53,243
102062,"Papua","Daring",1535.37,849
103611,"Jawa Barat","Luring",1391.87,317
101239,"Papua","Daring",321.55,776
102392,"Jawa Tengah","Daring",2304.63,273
104639,"Jawa Barat","Daring",862.65,581
103045,"Jawa Barat","Daring",1091.71,607
100972,"Jawa Barat","Luring",121.32,522
104961,"Jawa Tengah","Luring",338.05,187
101060,"Jawa Barat","Daring",622.68,761
102985,"Jawa Barat","Luring",2084.77,643
101234,"Jawa Barat","Luring",1427.1,832
102380,"Papua","Daring",1489.76,174
104829,"Papua","Daring",1333.66,559
100290,"Jawa Barat","Luring",996.39,293
102292,"Jawa Barat","Daring",1346.51,274
100769,"Jawa Tengah","Daring",1594.82,548
104334,"Jawa Barat","Daring",1386.35,736
102835,"Jawa Barat","Luring",2240.74,794
100761,"Jawa Barat","Daring",1812.69,401
103574,"Sulawesi Selatan","Luring",2357.7,391
101679,"Jawa Barat","Daring",1564.79,780
102895,"Jawa Barat","Luring",1493.32,751
102184,"Jawa Barat","Luring",276.91,201
103045,"Sulawesi Selatan","Daring",1556.07,376
103724,"Jawa Tengah","Daring",62.22,168
103464,"Jawa Barat","Luring",755.72,705
101904,"Jawa Barat","Daring",1974.9,74
100465,"Jawa Barat","Daring",1389.47,328
103785,"Sulawesi Selatan","Daring",1755.72,494
100836,"Papua","Daring",2180.59,135
102725,"Sulawesi Selatan","Daring",2275.56,450
101989,"Sulawesi Selatan","Daring",1478.3,678
102858,"Jawa Tengah","Daring",651.42,73
102088,"Papua","Luring",870.84,461
104915,"Jawa Tengah","Luring",1648.86,812
103184,"Jawa Tengah","Daring",2215.15,130
101246,"Jawa Tengah","Daring",1128.43,107
103575,"Jawa Barat","Luring",1599.31,784
104177,"Jawa Barat","Luring",404.58,183
103803,"Papua","Daring",898.8,439
104319,"Jawa Barat","Daring",1422.07,176
104095,"Jawa Tengah","Luring",2160.46,65
104761,"Jawa Tengah","Daring",2488.21,688
101867,"Papua","Luring",2315.41,67
103136,"Jawa Barat","Daring",2143.59,895
101010,"Jawa Barat","Daring",1533.53,368
102995,"Jawa Barat","Luring",1763.85,618
100630,"Jawa Barat","Luring",1916.94,118
102805,"Jawa Barat","Luring",407.11,434
103697,"Jawa Tengah","Daring",1922.31,650
103814,"Jawa Tengah","Luring",2212.08,733
101251,"Jawa Barat","Daring",1819.33,361
103647,"Jawa Barat","Luring",1700.1,186
101435,"Jawa Barat","Daring",1442.35,837
101946,"Jawa Tengah","Daring",897.99,828
104289,"Jawa Barat","Daring",1746.53,13
104061,"Sulawesi Selatan","Daring",1373.79,713
104904,"Sulawesi Selatan","Luring",199.9,687
103619,"Sulawesi Selatan","Luring",470.66,752
103395,"Jawa Barat","Luring",301.22,329
103791,"Jawa Barat","Daring",2168.95,749
101591,"Jawa Tengah","Daring",1673.94,306
104988,"Jawa Barat","Daring",2208.1,803
103441,"Sulawesi Selatan","Luring",1698.36,458
103046,"Papua","Daring",1636.27,107
102846,"Jawa Tengah","Daring",137.52,298
101519,"Papua","Luring",1664.16,606
103313,"Jawa Barat","Luring",1631.16,682
103318,"Jawa Barat","Luring",2469.47,436
100535,"Sulawesi Selatan","Daring",2229.73,283
101977,"Jawa Tengah","Daring",716.25,360
102412,"Jawa Barat","Daring",444.45,532
101104,"Jawa Barat","Luring",1518.98,454
102161,"Jawa Barat","Daring",815.8,379
101767,"Jawa Barat","Daring",482.41,612
102859,"Papua","Luring",1838.52,295
102720,"Sulawesi Selatan","Daring",1439.94,489
100291,"Jawa Barat","Luring",1980.72,448
104173,"Jawa Barat","Daring",244.67,454
101884,"Jawa Barat","Daring",1156.28,438
103198,"Jawa Tengah","Daring",370.46,199
102472,"Jawa Tengah","Luring",1786.97,715
101025,"Papua","Daring",1305.64,463
102458,"Papua","Daring",75.25,526
102191,"Jawa Barat","Luring",337.56,372
103075,"Jawa Barat","Daring",455.74,143
100316,"Papua","Luring",1346.79,772
100601,"Sulawesi Selatan","Daring",1289.27,33
102100,"Jawa Barat","Daring",2019.7,564
102066,"Jawa Barat","Luring",534.67,684
100475,"Papua","Daring",555.64,898
104139,"Jawa Barat","Luring",2196.38,342
100412,"Sulawesi Selatan","Luring",1734.29,769
102497,"Papua","Luring",370.79,221
104160,"Jawa Tengah","Luring",484.19,323
101581,"Sulawesi Selatan","Daring",1774.56,470
102147,"Jawa Tengah","Daring",617.72,575
100730,"Jawa Barat","Daring",127.32,552
102507,"Jawa Tengah","Luring",1287.19,804
103967,"Jawa Tengah","Luring",643.01,273
103478,"Jawa Tengah","Daring",1992.88,796
103687,"Jawa Tengah","Daring",750.69,513
101622,"Jawa Tengah","Luring",1162.75,65
101144,"Jawa Barat","Daring",1283.12,58
102083,"Jawa Barat","Luring",1184.09,637
103006,"Papua","Daring",1117.35,60
101418,"Papua","Daring",2408.72,735
101992,"Jawa Barat","Daring",2288.82,657
101810,"Jawa Barat","Luring",1221.75,433
100177,"Sulawesi Selatan","Daring",282.79,801
100736,"Sulawesi Selatan","Luring",1236.48,841
104601,"Jawa Tengah","Daring",2267.34,313
103924,"Papua","Luring",580.1,803
101364,"Jawa Tengah","Daring",2066.71,574
103661,"Jawa Barat","Daring",502.32,842
101559,"Jawa Barat","Daring",2207.39,345
101081,"Jawa Barat","Luring",856.2,137
101036,"Jawa Barat","Daring",2408.88,206
104813,"Jawa Barat","Daring",1823.36,709
101565,"Jawa Barat","Luring",712.44,447
102007,"Jawa Tengah","Daring",1127.62,408
104836,"Papua","Luring",1486.44,221
101909,"Jawa Barat","Daring",2058.5,740
102126,"Sulawesi Selatan","Daring",2289.71,192
100335,"Sulawesi Selatan","Daring",459.8,86
104454,"Jawa Barat","Daring",127.55,291
102569,"Sulawesi Selatan","Luring",1016.77,478
102937,"Jawa Tengah","Luring",247.85,513
100906,"Papua","Daring",1117.12,862
101238,"Sulawesi Selatan","Daring",1921.46,235
103187,"Jawa Barat","Luring",1298.37,624
103858,"Jawa Tengah","Daring",29.27,204
102888,"Jawa Tengah","Daring",1898.09,888
100009,"Sulawesi Selatan","Daring",1150.26,187
104025,"Jawa Tengah","Daring",1798.92,265
104561,"Jawa Tengah","Luring",1189.91,610
101251,"Jawa Barat","Luring",1111.76,593
101068,"Sulawesi Selatan","Daring",592.43,631
100242,"Jawa Barat","Daring",496.85,22
100704,"Jawa Barat","Daring",1214.86,506
103259,"Jawa Barat","Daring",49.35,243
102050,"Sulawesi Selatan","Daring",1077.32,768
103353,"Jawa Tengah","Luring",1156.78,96
101710,"Jawa Barat","Luring",2061.49,329
104502,"Jawa Barat","Daring",2051.35,840
102225,"Sulawesi Selatan","Daring",829.09,104
102176,"Jawa Tengah","Daring",1765.18,239
104527,"Jawa Barat","Daring",1571.52,585
103457,"Jawa Barat","Daring",2076.41,306
100874,"Jawa Barat","Daring",1582.84,240
103387,"Jawa Barat","Daring",302.2,757
100743,"Jawa Tengah","Daring",2128.16,444
101585,"Jawa Barat","Daring",839.06,453
103690,"Sulawesi Selatan","Luring",397.04,376
100300,"Jawa Barat","Daring",1438.88,159
104914,"Jawa Tengah","Daring",232.45,512
101228,"Sulawesi Selatan","Daring",792.68,567
100301,"Jawa Tengah","Luring",919.93,717
102795,"Jawa Barat","Luring",1590.56,757
103068,"Jawa Barat","Daring",1027.02,472
102770,"Jawa Tengah","Daring",1950.25,244
104973,"Jawa Tengah","Luring",1283.63,639
100426,"Jawa Barat","Daring",1296.34,12
101513,"Jawa Barat","Daring",2343.25,42
102315,"Jawa Barat","Daring",48.07,17
103657,"Jawa Tengah","Luring",1853.6,683
100660,"Sulawesi Selatan","Luring",1030.7,826
102230,"Jawa Tengah","Daring",707.42,815
103859,"Jawa Barat","Luring",2169.93,693
103825,"Jawa Tengah","Daring",1637.23,438
102655,"Sulawesi Selatan","Daring",1205.39,547
100876,"Jawa Tengah","Daring",60.2,807
101544,"Papua","Daring",911.2,836
101544,"Sulawesi Selatan","Daring",2188.33,816
103649,"Sulawesi Selatan","Luring",890.33,618
102802,"Jawa Barat","Daring",1238.44,498
100963,"Jawa Barat","Daring",1807,475
101519,"Jawa Barat","Luring",1280.54,689
104391,"Jawa Tengah","Daring",1372.77,861
103252,"Sulawesi Selatan","Daring",1229.29,687
101104,"Jawa Tengah","Luring",2192.56,317
102896,"Jawa Barat","Daring",143.52,322
100178,"Jawa Barat","Daring",2123.53,132
103921,"Jawa Barat","Luring",1487.09,33
100898,"Jawa Barat","Luring",1327.21,458
104225,"Jawa Barat","Daring",1779.96,112
101804,"Sulawesi Selatan","Daring",19.61,405
102171,"Papua","Daring",2097.49,327
102150,"Sulawesi Selatan","Luring",2494.04,842
104814,"Jawa Tengah","Daring",1002.22,887
101061,"Jawa Tengah","Daring",2471.96,282
102072,"Jawa Barat","Daring",889.59,292
101737,"Jawa Tengah","Luring",677.33,707
101807,"Jawa Barat","Daring",1602.48,124
103040,"Jawa Barat","Daring",1472.04,25
100304,"Jawa Barat","Luring",493,539
103010,"Sulawesi Selatan","Daring",1089.65,797
103248,"Jawa Barat","Luring",530.03,368
102720,"Jawa Tengah","Luring",2481.88,646
103835,"Jawa Tengah","Luring",476.68,729
100901,"Jawa Tengah","Daring",85.17,545
100556,"Jawa Tengah","Daring",2112.94,702
102922,"Sulawesi Selatan","Daring",236.73,43
104460,"Jawa Barat","Luring",285.64,389
104599,"Jawa Barat","Daring",1908.01,892
102952,"Jawa Barat","Daring",102.72,375
101048,"Jawa Barat","Daring",1053.04,880
100490,"Sulawesi Selatan","Daring",180.04,753
104863,"Jawa Tengah","Daring",1603.26,845
100266,"Sulawesi Selatan","Daring",1766.28,757
104034,"Jawa Barat","Luring",2002.41,388
104472,"Jawa Tengah","Daring",634.18,555
100517,"Jawa Barat","Daring",1288.89,373
103464,"Jawa Tengah","Daring",778.58,573
100848,"Jawa Barat","Daring",2211.38,141
102853,"Jawa Tengah","Daring",92.18,18
101905,"Jawa Tengah","Luring",1221.1,712
101141,"Papua","Daring",1102.34,742
102496,"Papua","Daring",626.31,837
103962,"Jawa Tengah","Luring",233.6,473
100904,"Sulawesi Selatan","Daring",2193.68,427
101011,"Jawa Barat","Daring",2175.84,109
101291,"Sulawesi Selatan","Daring",116.32,892
103835,"Jawa Barat","Daring",1035.34,408
103234,"Sulawesi Selatan","Luring",1237.48,77
100852,"Jawa Tengah","Daring",280.04,895
103048,"Jawa Barat","Luring",18.73,869
102422,"Jawa Barat","Daring",435.32,479
101127,"Jawa Barat","Luring",788.8,810
102904,"Papua","Luring",1808.55,701
101591,"Sulawesi Selatan","Daring",473.54,31
103330,"Jawa Tengah","Daring",1480.66,523
100903,"Jawa Barat","Daring",1981.23,25
104281,"Papua","Daring",227.53,840
100024,"Jawa Barat","Daring",1887.79,91
100949,"Papua","Daring",724.79,46
101383,"Jawa Barat","Daring",481.61,894
102226,"Papua","Daring",1771.95,515
101308,"Jawa Barat","Daring",1704.07,133
103906,"Jawa Tengah","Daring",1741.05,628
102290,"Papua","Daring",38.92,753
101235,"Jawa Tengah","Daring",542.35,650
100818,"Jawa Barat","Daring",1249.38,234
101917,"Sulawesi Selatan","Daring",2302,148
103416,"Jawa Tengah","Daring",321.05,150
102620,"Jawa Barat","Daring",1616.87,841
100396,"Jawa Tengah","Daring",943.58,61
104366,"Papua","Luring",1355.98,611
104743,"Papua","Daring",832.86,209
100900,"Papua","Luring",1455.67,779
100649,"Jawa Barat","Daring",2341.44,657
101546,"Sulawesi Selatan","Daring",1537.9,123
103348,"Jawa Barat","Luring",530.68,158
100575,"Jawa Tengah","Luring",1245.82,598
104857,"Jawa Barat","Daring",370.37,266
102685,"Jawa Barat","Daring",1001.33,366
101209,"Jawa Barat","Luring",1334.87,603
103775,"Jawa Tengah","Daring",937.78,410
101776,"Jawa Barat","Luring",1548.81,575
100728,"Jawa Tengah","Luring",1558.08,899
101244,"Jawa Barat","Daring",187.18,189
101252,"Papua","Daring",483.49,237
102702,"Jawa Barat","Luring",2305.17,533
104133,"Sulawesi Selatan","Luring",2245.73,281
103550,"Papua","Daring",194.67,337
104784,"Jawa Tengah","Luring",2375.01,645
100321,"Jawa Tengah","Luring",1347.48,586
102623,"Jawa Tengah","Luring",1764.74,368
100768,"Sulawesi Selatan","Daring",2248.02,514
101351,"Jawa Barat","Daring",2240.43,157
100412,"Jawa Tengah","Daring",674.95,314
103899,"Sulawesi Selatan","Daring",880.6,584
103338,"Jawa Barat","Daring",2264.19,193
101650,"Jawa Barat","Daring",1891.25,693
103221,"Jawa Tengah","Luring",1724.02,300
100932,"Jawa Barat","Daring",2107.45,203
101196,"Jawa Barat","Daring",163.59,117
104645,"Papua","Luring",241.34,724
100771,"Sulawesi Selatan","Luring",783.66,790
100130,"Jawa Barat","Daring",1692.36,837
100253,"Jawa Barat","Daring",1525.2,309
102973,"Sulawesi Selatan","Luring",2487.97,692
103763,"Jawa Tengah","Luring",1380.71,26
102764,"Sulawesi Selatan","Luring",695.06,539
101131,"Jawa Barat","Luring",1269.07,237
103835,"Jawa Barat","Daring",1050.28,711
103816,"Sulawesi Selatan","Daring",1981.45,284
101648,"Sulawesi Selatan","Daring",337.16,664
104885,"Jawa Barat","Luring",838.19,781
104729,"Jawa Tengah","Daring",763.5,750
104554,"Sulawesi Selatan","Luring",1020.56,554
104937,"Papua","Luring",1199.52,892
101022,"Jawa Tengah","Luring",1603.48,362
102456,"Jawa Tengah","Daring",568.61,807
104363,"Jawa Tengah","Daring",136.91,16
104446,"Sulawesi Selatan","Luring",502.95,819
101257,"Sulawesi Selatan","Daring",1908.23,810
101945,"Sulawesi Selatan","Luring",701.81,893
103068,"Sulawesi Selatan","Luring",88.53,730
101804,"Jawa Tengah","Daring",2173.74,674
102826,"Jawa Tengah","Luring",2343.97,266
101262,"Jawa Tengah","Daring",2042.25,309
103534,"Jawa Barat","Daring",1311.63,65
101214,"Jawa Barat","Daring",1718.29,28
102518,"Jawa Tengah","Luring",529.39,663
104109,"Papua","Luring",993.37,156
103074,"Jawa Barat","Luring",2174.36,831
103285,"Sulawesi Selatan","Luring",939.44,701
103682,"Sulawesi Selatan","Luring",318.53,249
102938,"Jawa Barat","Daring",2323.47,27
100086,"Jawa Barat","Luring",2067.59,712
103822,"Sulawesi Selatan","Daring",2174.1,87
101963,"Jawa Tengah","Luring",1329.5,494
100297,"Jawa Tengah","Daring",2243.38,23
103239,"Jawa Barat","Daring",2383.82,813
100790,"Papua","Luring",1842.03,416
102911,"Jawa Tengah","Luring",809.18,566
101478,"Jawa Barat","Luring",1343.56,325
102759,"Jawa Tengah","Daring",1878.75,275
101520,"Jawa Tengah","Daring",2147.5,410
104791,"Jawa Tengah","Daring",471.95,402
103782,"Jawa Barat","Daring",1299.85,153
102238,"Jawa Barat","Daring",428.53,335
104564,"Jawa Barat","Daring",92.48,814
102680,"Jawa Barat","Daring",2315.77,873
103581,"Jawa Tengah","Luring",1683.59,511
102256,"Papua","Luring",1292.4,211
102903,"Jawa Barat","Daring",1329.2,620
104953,"Jawa Barat","Daring",620.44,728
103065,"Papua","Daring",896.56,808
101335,"Sulawesi Selatan","Daring",1987.98,473
101215,"Papua","Daring",2354.44,112
104318,"Jawa Barat","Luring",1342.66,563
104204,"Sulawesi Selatan","Luring",296.78,639
104362,"Jawa Barat","Daring",1083.06,262
104508,"Jawa Barat","Daring",318.5,567
101148,"Papua","Daring",455.4,235
101227,"Jawa Barat","Daring",1426.78,862
104461,"Jawa Barat","Daring",2184.77,723
103330,"Jawa Barat","Luring",1780.21,33
103612,"Jawa Tengah","Daring",1468.47,146
101960,"Jawa Tengah","Daring",1900.31,704
104216,"Papua","Luring",1131.22,655
100410,"Jawa Tengah","Luring",159.02,830
100200,"Sulawesi Selatan","Daring",165.05,625
101590,"Sulawesi Selatan","Luring",1200.31,407
101099,"Jawa Tengah","Daring",1851.7,415
104466,"Jawa Tengah","Luring",1290.2,865
101748,"Jawa Barat","Luring",2420.23,347
100033,"Jawa Barat","Luring",863.08,213
102874,"Jawa Barat","Daring",1333.99,123
102980,"Jawa Tengah","Luring",1674.07,233
102377,"Jawa Tengah","Daring",1928.25,633
104913,"Jawa Tengah","Daring",373.9,86
102206,"Jawa Barat","Daring",889.99,265
101169,"Sulawesi Selatan","Daring",316.82,496
103628,"Papua","Luring",957.28,759
101456,"Sulawesi Selatan","Luring",46.6,436
104098,"Jawa Tengah","Daring",1220.26,494
100271,"Jawa Barat","Luring",977.5,706
104761,"Jawa Barat","Luring",1768.94,45
100719,"Sulawesi Selatan","Daring",2163.59,382
103635,"Sulawesi Selatan","Daring",2367.57,827
104357,"Jawa Tengah","Luring",1288.64,9
100614,"Jawa Tengah","Daring",1896.88,560
102245,"Jawa Tengah","Daring",1420.75,333
100426,"Jawa Barat","Luring",1375.61,181
101852,"Sulawesi Selatan","Luring",2089.64,596
104545,"Jawa Barat","Luring",1076.67,287
102400,"Jawa Barat","Daring",985.09,152
101735,"Jawa Barat","Luring",2080.25,109
101076,"Jawa Barat","Daring",2378.69,183
103191,"Jawa Tengah","Daring",1691.92,42
100392,"Jawa Tengah","Luring",178.63,786
103278,"Jawa Barat","Luring",512.41,437
101901,"Jawa Barat","Daring",2237.29,634
103738,"Jawa Tengah","Daring",1935.7,780
102935,"Papua","Luring",298.65,359
101686,"Jawa Barat","Daring",375.08,442
103352,"Jawa Barat","Daring",864.43,650
101858,"Sulawesi Selatan","Daring",178.13,115
104783,"Jawa Barat","Daring",2134.36,338
103347,"Jawa Tengah","Luring",1448.29,837
100525,"Jawa Barat","Daring",794.98,538
101083,"Jawa Tengah","Daring",2499.38,684
102069,"Jawa Tengah","Luring",527.27,352
102052,"Jawa Barat","Daring",2033.27,837
101192,"Jawa Barat","Luring",831.89,221
101402,"Jawa Barat","Luring",319.7,566
104330,"Jawa Barat","Daring",444.21,791
100681,"Sulawesi Selatan","Daring",376.81,95
103140,"Jawa Tengah","Luring",568.87,122
102823,"Jawa Barat","Daring",1851.43,482
104959,"Papua","Luring",487.72,175
103370,"Jawa Barat","Daring",467.33,300
102580,"Jawa Barat","Daring",2031.65,672
102696,"Jawa Barat","Daring",1771.29,797
100332,"Papua","Luring",1756.92,340
103155,"Jawa Barat","Daring",1583.03,825
101245,"Jawa Tengah","Luring",592.99,670
102321,"Jawa Tengah","Daring",900.04,45
100682,"Papua","Daring",1754.49,545
102152,"Jawa Barat","Daring",244.22,266
102668,"Jawa Tengah","Daring",1804.03,820
100292,"Papua","Daring",2337.58,238
104945,"Jawa Barat","Luring",2002.03,804
104436,"Jawa Tengah","Daring",139.1,346
100621,"Jawa Barat","Daring",1186,470
104638,"Jawa Barat","Daring",812.51,638
100950,"Sulawesi Selatan","Daring",2331.27,879
104033,"Jawa Tengah","Daring",195.3,109
102991,"Jawa Tengah","Luring",1240.39,254
103612,"Sulawesi Selatan","Daring",1271.14,760
102086,"Jawa Barat","Daring",2470.17,25
102665,"Jawa Tengah","Daring",638.5,109
101026,"Jawa Tengah","Daring",223.77,115
101717,"Jawa Tengah","Luring",1601.77,70
102914,"Sulawesi Selatan","Daring",592.92,613
102885,"Jawa Tengah","Luring",1275.03,780
103754,"Sulawesi Selatan","Daring",2162.12,412
101451,"Jawa Barat","Luring",1703.81,306
104954,"Sulawesi Selatan","Daring",1446.42,216
103796,"Jawa Barat","Daring",2265.69,476
103374,"Jawa Tengah","Luring",377.91,500
103273,"Jawa Tengah","Daring",2424.94,481
102405,"Jawa Barat","Daring",1438.69,577
102520,"Jawa Tengah","Daring",226.08,394
102637,"Papua","Daring",286.6,857
101996,"Jawa Tengah","Daring",1669.16,257
100344,"Jawa Barat","Daring",1807.47,429
103093,"Papua","Daring",852.78,563
100942,"Sulawesi Selatan","Daring",1300.28,726
103827,"Jawa Tengah","Daring",2473.8,504
104863,"Jawa Tengah","Luring",1448.65,267
104608,"Jawa Barat","Daring",1030.37,39
101252,"Jawa Tengah","Daring",698.41,333
100425,"Papua","Luring",275.97,384
103585,"Jawa Barat","Daring",875.06,899
101373,"Jawa Barat","Luring",2296.39,352
102500,"Jawa Tengah","Luring",693.53,216
104782,"Jawa Tengah","Luring",2234.76,807
101391,"Papua","Daring",2165.35,671
102175,"Jawa Tengah","Luring",1997.21,669
101966,"Jawa Barat","Luring",287.59,245
104729,"Jawa Tengah","Daring",2154.87,22
104583,"Jawa Tengah","Daring",1908.76,446
101062,"Jawa Barat","Daring",969.09,304
102095,"Sulawesi Selatan","Luring",493.45,680
104405,"Jawa Tengah","Luring",123.29,456
103998,"Sulawesi Selatan","Luring",2302.95,797
100976,"Jawa Tengah","Daring",2097.51,225
104142,"Jawa Barat","Luring",863.93,327
100962,"Jawa Barat","Daring",451.32,568
100681,"Jawa Barat","Luring",293.25,729
103082,"Jawa Barat","Luring",2407.2,874
102245,"Jawa Tengah","Daring",566.34,679
101959,"Jawa Tengah","Luring",196.09,35
104035,"Jawa Tengah","Luring",2003.24,773
100666,"Jawa Barat","Daring",769.09,125
100972,"Jawa Barat","Daring",1111.79,268
100673,"Papua","Luring",794.8,774
100615,"Jawa Barat","Luring",1600.97,391
103105,"Sulawesi Selatan","Daring",2352.2,167
103694,"Jawa Tengah","Daring",1371.34,334
100695,"Jawa Barat","Luring",834.57,335
101345,"Jawa Tengah","Luring",190.75,599
104227,"Jawa Barat","Luring",1978.61,538
104854,"Jawa Tengah","Daring",580.59,718
104511,"Jawa Tengah","Luring",1388.64,402
100005,"Jawa Barat","Luring",2205.8,120
100570,"Jawa Tengah","Daring",138.65,34
103085,"Sulawesi Selatan","Daring",490.14,851
100201,"Jawa Tengah","Daring",1859.92,479
104622,"Jawa Barat","Luring",720.79,431
100071,"Jawa Barat","Daring",551.72,195
104521,"Jawa Tengah","Daring",95.56,240
103912,"Sulawesi Selatan","Daring",2494.69,173
103959,"Sulawesi Selatan","Daring",1309.65,57
100695,"Sulawesi Selatan","Luring",620.89,311
104551,"Jawa Tengah","Daring",239.58,28
104226,"Jawa Tengah","Daring",746.65,25
101237,"Sulawesi Selatan","Daring",834.09,464
102084,"Jawa Tengah","Luring",2039.17,514
100972,"Jawa Barat","Luring",1799.76,654
100453,"Jawa Tengah","Daring",1045.59,135
103239,"Papua","Daring",2285.6,239
100953,"Jawa Tengah","Daring",901.15,790
100771,"Papua","Daring",786.38,136
102595,"Jawa Tengah","Daring",334.19,280
103886,"Jawa Tengah","Daring",1961.79,391
104891,"Papua","Daring",1654.67,414
100866,"Papua","Luring",957.91,63
103227,"Jawa Barat","Luring",659.82,733
103579,"Sulawesi Selatan","Daring",1960.79,127
100272,"Sulawesi Selatan","Daring",588.84,694
104486,"Papua","Luring",1289.05,15
101539,"Sulawesi Selatan","Luring",1092.99,502
101178,"Jawa Barat","Luring",760.15,471
100580,"Jawa Barat","Luring",1630.73,122
103712,"Jawa Tengah","Daring",111.44,611
100711,"Jawa Barat","Luring",945.39,692
101578,"Jawa Barat","Luring",1624.93,573
103861,"Jawa Tengah","Daring",725.75,302
100999,"Jawa Tengah","Luring",2103.22,650
101656,"Jawa Tengah","Daring",914.16,559
102111,"Jawa Barat","Luring",182.66,188
104297,"Sulawesi Selatan","Daring",998.37,517
104346,"Jawa Barat","Luring",753.44,618
102980,"Jawa Tengah","Daring",67.35,760
102060,"Jawa Tengah","Luring",650.77,391
102601,"Sulawesi Selatan","Luring",1828.39,416
104493,"Jawa Tengah","Daring",1847.93,298
104755,"Jawa Barat","Daring",1064.78,688
104767,"Jawa Barat","Daring",1875.75,439
101487,"Jawa Barat","Luring",277.5,747
100042,"Jawa Tengah","Daring",1626.61,502
103143,"Jawa Barat","Luring",31.43,423
102306,"Sulawesi Selatan","Daring",1175.45,74
104998,"Jawa Barat","Luring",1122.33,27
102733,"Papua","Daring",1995.16,262
101806,"Jawa Tengah","Luring",2424.89,822
101319,"Jawa Tengah","Daring",1030.6,889
104816,"Jawa Barat","Daring",919.52,232
104815,"Jawa Barat","Luring",512.99,709
100283,"Jawa Tengah","Luring",1499.81,88
104579,"Jawa Tengah","Luring",2413.04,620
103043,"Sulawesi Selatan","Daring",747.6,158
100585,"Jawa Barat","Luring",1404.42,869
101461,"Jawa Barat","Luring",1531.24,679
102218,"Jawa Tengah","Luring",1273.38,857
100321,"Jawa Barat","Daring",783.33,539
104936,"Jawa Barat","Daring",2077.39,853
101341,"Jawa Barat","Luring",1211.5,175
104345,"Jawa Tengah","Luring",753.69,883
104950,"Jawa Barat","Luring",1214.77,155
102951,"Jawa Tengah","Luring",186.93,725
102120,"Sulawesi Selatan","Daring",628.23,196
103958,"Sulawesi Selatan","Luring",737.79,794
101431,"Jawa Barat","Daring",144.86,200
103581,"Jawa Barat","Luring",302.88,483
104270,"Jawa Barat","Daring",2193.06,458
102580,"Jawa Tengah","Luring",490.89,490
101219,"Jawa Barat","Luring",2482.76,750
100788,"Sulawesi Selatan","Daring",44.07,701
102967,"Sulawesi Selatan","Luring",1796.49,705
103325,"Jawa Tengah","Daring",567.91,110
103052,"Sulawesi Selatan","Luring",657.29,365
101747,"Jawa Barat","Luring",394.73,166
101689,"Jawa Barat","Daring",734.23,336
102453,"Jawa Barat","Daring",2101.98,515
101767,"Sulawesi Selatan","Daring",2262.21,721
104212,"Jawa Tengah","Daring",2275.31,463
104760,"Jawa Barat","Daring",882.82,502
104854,"Jawa Barat","Daring",1944.14,324
102182,"Jawa Barat","Daring",250.45,804
100815,"Jawa Barat","Daring",1837.16,848
104926,"Sulawesi Selatan","Luring",653.75,77
103355,"Sulawesi Selatan","Luring",2282.98,737
102098,"Papua","Luring",65.5,377
103482,"Jawa Tengah","Daring",1034.86,619
102011,"Jawa Tengah","Daring",982.86,738
100797,"Sulawesi Selatan","Daring",514.35,443
101352,"Jawa Barat","Luring",1363.08,253
101305,"Jawa Barat","Daring",152.53,183
100011,"Jawa Tengah","Luring",2114.04,648
100489,"Jawa Tengah","Daring",412.29,8
100145,"Jawa Barat","Daring",1128.91,262
101313,"Papua","Luring",1839.23,221
102309,"Jawa Tengah","Daring",2415.91,632
101599,"Jawa Barat","Daring",77.47,337
101150,"Sulawesi Selatan","Daring",2076,498
101502,"Jawa Barat","Daring",883.98,90
104704,"Jawa Tengah","Daring",692.66,618
101114,"Jawa Tengah","Luring",2450.88,329
103156,"Jawa Tengah","Daring",611.63,127
103562,"Jawa Tengah","Daring",1575.92,524
101539,"Jawa Barat","Daring",1600.76,813
100602,"Sulawesi Selatan","Daring",2047.21,589
104248,"Jawa Barat","Luring",1936.64,451
100235,"Jawa Barat","Luring",1115.54,304
101175,"Papua","Luring",1862.24,872
102496,"Jawa Barat","Daring",1935.27,577
102835,"Jawa Barat","Luring",709.04,223
104292,"Jawa Barat","Daring",1001.05,164
103698,"Jawa Tengah","Luring",778.63,389
100255,"Papua","Daring",1050.73,393
102584,"Jawa Barat","Daring",187.19,804
104830,"Jawa Tengah","Daring",773.35,7
102045,"Jawa Barat","Daring",151.31,514
102377,"Jawa Barat","Luring",2349.29,48
101967,"Papua","Luring",2233.66,628
103889,"Sulawesi Selatan","Daring",547.82,706
101763,"Jawa Barat","Luring",18.36,546
102090,"Sulawesi Selatan","Daring",965.72,641
104644,"Papua","Daring",273.25,109
100321,"Jawa Barat","Daring",1276.05,350
102528,"Jawa Barat","Daring",270.1,322
102883,"Jawa Barat","Daring",1385.16,612
100896,"Jawa Barat","Daring",122.19,574
102217,"Sulawesi Selatan","Luring",1048.21,725
101490,"Jawa Tengah","Daring",1719.06,233
100111,"Jawa Tengah","Luring",74.11,747
100772,"Jawa Tengah","Daring",1753.93,386
104636,"Jawa Barat","Daring",1849.4,746
103343,"Jawa Barat","Luring",1953.66,638
103908,"Jawa Barat","Luring",153.85,27
101927,"Jawa Barat","Daring",2441.51,346
102572,"Jawa Tengah","Daring",2238.11,744
103063,"Jawa Barat","Daring",1229.12,546
104953,"Jawa Barat","Daring",1308.19,697
103105,"Sulawesi Selatan","Daring",248.36,197
100671,"Jawa Barat","Daring",566.44,545
100007,"Jawa Tengah","Daring",412.92,15
100138,"Jawa Barat","Luring",1036.16,485
100943,"Papua","Daring",2486.91,691
101963,"Sulawesi Selatan","Luring",1912.51,329
104922,"Sulawesi Selatan","Luring",1099.47,301
103294,"Jawa Barat","Daring",1469,816
102895,"Jawa Tengah","Luring",1204.22,263
102523,"Papua","Daring",1425.72,232
102219,"Sulawesi Selatan","Daring",720.23,377
101472,"Jawa Barat","Daring",376.95,884
103500,"Jawa Barat","Daring",396.07,732
100856,"Jawa Barat","Daring",2268.51,168
103564,"Sulawesi Selatan","Daring",1130.88,685
100259,"Jawa Barat","Daring",1984.93,665
100467,"Sulawesi Selatan","Daring",2131.6,160
102091,"Sulawesi Selatan","Daring",411.72,125
102516,"Jawa Barat","Daring",1126.75,721
104758,"Jawa Barat","Luring",1168.45,749
103835,"Papua","Luring",456.05,43
102508,"Jawa Tengah","Luring",1673.69,236
102961,"Sulawesi Selatan","Daring",2343.54,432
104019,"Sulawesi Selatan","Luring",1925.3,767
102013,"Jawa Tengah","Daring",698.13,107
103425,"Jawa Barat","Luring",257.82,105
102065,"Jawa Tengah","Daring",1138.65,546
104620,"Jawa Tengah","Luring",1608.94,558
100744,"Jawa Tengah","Daring",854.78,683
101097,"Sulawesi Selatan","Luring",949.17,643
101864,"Papua","Luring",2022.69,392
100204,"Papua","Daring",1024.79,619
103279,"Jawa Barat","Luring",1568.07,503
102092,"Jawa Tengah","Daring",1227.38,395
101256,"Sulawesi Selatan","Luring",1162.96,365
103566,"Jawa Tengah","Luring",1141.75,297
102558,"Jawa Barat","Luring",212.54,567
100314,"Jawa Tengah","Luring",1060.86,175
102987,"Jawa Barat","Daring",2210.96,58
103375,"Papua","Luring",2256.38,340
104146,"Jawa Barat","Daring",1784.5,202
103979,"Jawa Barat","Daring",143.01,407
100272,"Papua","Daring",1401.9,7
104808,"Jawa Barat","Luring",2107.84,261
102758,"Sulawesi Selatan","Daring",529.88,469
104069,"Jawa Barat","Daring",752.12,272
104211,"Jawa Tengah","Luring",429.27,872
103767,"Jawa Barat","Daring",1013.16,652
103141,"Jawa Tengah","Luring",103.88,350
104655,"Jawa Barat","Daring",279.94,66
100156,"Jawa Barat","Luring",1169.03,40
102546,"Jawa Tengah","Daring",1257.54,779
102312,"Jawa Tengah","Luring",995.71,638
102797,"Jawa Barat","Daring",1520.32,15
104499,"Jawa Tengah","Luring",1053.36,751
103629,"Papua","Luring",740.55,225
100801,"Jawa Barat","Luring",2121.24,172
101100,"Sulawesi Selatan","Daring",394.51,467
102802,"Jawa Tengah","Daring",2156.68,7
101813,"Papua","Daring",2491.21,632
101175,"Jawa Barat","Daring",1139.01,72
104831,"Jawa Barat","Luring",2179.58,390
104261,"Jawa Tengah","Daring",1301.82,139
100971,"Jawa Tengah","Luring",1825.22,819
104386,"Jawa Barat","Daring",896.52,778
101329,"Jawa Barat","Daring",2180.14,724
103083,"Jawa Tengah","Daring",2195.34,377
104065,"Sulawesi Selatan","Luring",694.77,771
103457,"Sulawesi Selatan","Luring",2402.39,664
103394,"Jawa Tengah","Daring",953.07,490
102269,"Sulawesi Selatan","Daring",453.7,190
102574,"Papua","Daring",357.93,27
104927,"Jawa Barat","Daring",863.07,227
103827,"Jawa Tengah","Daring",390.08,671
104234,"Jawa Tengah","Daring",1046.07,364
102747,"Jawa Tengah","Luring",2482.59,326
100464,"Jawa Barat","Daring",1679.25,439
101623,"Jawa Barat","Daring",2220.66,648
100425,"Jawa Barat","Luring",1229.53,871
101254,"Sulawesi Selatan","Luring",203.57,217
102476,"Jawa Barat","Daring",1636.95,45
100128,"Papua","Daring",1775.39,85
101843,"Jawa Barat","Daring",1491.64,128
104843,"Jawa Barat","Daring",305.33,756
102978,"Jawa Tengah","Luring",80.77,744
100966,"Jawa Barat","Daring",215.52,442
101686,"Papua","Luring",1307.14,318
100922,"Jawa Barat","Luring",1280.43,260
101446,"Jawa Tengah","Daring",787.21,368
100795,"Jawa Barat","Daring",807.05,122
104168,"Jawa Barat","Luring",657.32,357
104903,"Sulawesi Selatan","Daring",1532.13,472
104102,"Sulawesi Selatan","Luring",736.3,134
104040,"Jawa Tengah","Daring",788.45,355
103794,"Jawa Tengah","Daring",2477.6,873
102573,"Sulawesi Selatan","Daring",1361.8,760
102447,"Papua","Luring",2081.12,148
102326,"Jawa Tengah","Daring",1118.04,141
103994,"Jawa Tengah","Luring",1701.79,158
100433,"Sulawesi Selatan","Luring",969.64,352
100298,"Sulawesi Selatan","Luring",654.84,766
101570,"Jawa Barat","Luring",873.2,661
100434,"Sulawesi Selatan","Luring",2466.45,207
104715,"Jawa Barat","Daring",275.36,134
104400,"Sulawesi Selatan","Daring",763.99,287
102000,"Jawa Tengah","Daring",1278.13,280
101638,"Jawa Barat","Daring",54.69,430
104235,"Jawa Tengah","Daring",2003.93,877
103065,"Sulawesi Selatan","Luring",1279.63,367
103926,"Jawa Barat","Luring",424.42,300
104831,"Jawa Tengah","Daring",2437.46,466
100709,"Jawa Barat","Daring",2272.92,103
101703,"Sulawesi Selatan","Daring",103.43,338
104237,"Sulawesi Selatan","Daring",405.21,384
100742,"Sulawesi Selatan","Luring",1288.29,52
104354,"Papua","Daring",329.13,851
100009,"Jawa Tengah","Luring",47.48,32
103497,"Papua","Luring",19.47,166
102131,"Jawa Tengah","Luring",2041.22,866
100953,"Sulawesi Selatan","Luring",541.91,81
102134,"Jawa Tengah","Daring",1396.76,592
100368,"Jawa Barat","Luring",1525,753
104153,"Sulawesi Selatan","Daring",763.15,300
100967,"Jawa Barat","Daring",1758.07,313
101490,"Jawa Barat","Daring",875.38,739
101146,"Jawa Tengah","Luring",333.33,731
101911,"Sulawesi Selatan","Daring",1615.59,81
102260,"Jawa Barat","Luring",495.37,365
102232,"Jawa Barat","Daring",875.42,769
103632,"Papua","Daring",1390.77,440
103170,"Jawa Barat","Daring",1826.39,518
104285,"Jawa Barat","Daring",114.01,398
103684,"Jawa Barat","Luring",674.1,85
101375,"Jawa Barat","Daring",2315.24,369
101231,"Jawa Barat","Daring",1629.81,91
103517,"Papua","Daring",507.69,469
103059,"Papua","Daring",1381.64,549
104407,"Jawa Tengah","Luring",2427.66,615
103189,"Jawa Barat","Luring",1175.07,377
100815,"Papua","Luring",1721.1,576
102644,"Jawa Barat","Daring",650.1,840
101134,"Jawa Tengah","Luring",276.16,460
104604,"Jawa Barat","Daring",252.7,854
103837,"Jawa Barat","Daring",951,877
100190,"Sulawesi Selatan","Luring",229.59,149
101504,"Jawa Barat","Luring",660.53,201
103656,"Jawa Barat","Luring",613.83,626
104267,"Papua","Luring",261.22,161
104452,"Jawa Barat","Daring",1046.96,199
101383,"Jawa Tengah","Luring",274.05,472
100535,"Sulawesi Selatan","Daring",613.75,192
100892,"Sulawesi Selatan","Daring",2105.28,253
102789,"Jawa Barat","Luring",2246.14,268
102275,"Sulawesi Selatan","Luring",1735.87,784
100826,"Jawa Tengah","Daring",1260,743
104618,"Papua","Daring",2418.13,496
101802,"Jawa Tengah","Luring",2055.64,639
104510,"Sulawesi Selatan","Daring",1692.52,620
102570,"Jawa Tengah","Daring",679.95,265
104284,"Sulawesi Selatan","Luring",357.79,852
102171,"Papua","Daring",1324.1,262
101415,"Jawa Barat","Luring",613.89,596
104875,"Jawa Barat","Daring",2191.42,891
100586,"Jawa Barat","Daring",616.67,589
102319,"Jawa Barat","Luring",722.37,322
104266,"Jawa Barat","Luring",2160.78,195
100440,"Jawa Barat","Daring",1640.48,156
101847,"Jawa Barat","Daring",338.96,416
101126,"Papua","Daring",1448.15,144
102443,"Jawa Tengah","Daring",210.55,222
101873,"Jawa Barat","Daring",953.64,219
104536,"Sulawesi Selatan","Daring",269.73,373
101634,"Sulawesi Selatan","Daring",951.93,284
104254,"Jawa Tengah","Daring",2045.44,395
103668,"Jawa Tengah","Daring",1518.49,225
104030,"Sulawesi Selatan","Daring",1654.07,753
101232,"Jawa Tengah","Daring",190.33,640
104440,"Jawa Barat","Luring",1360.66,232
103541,"Papua","Daring",619.4,236
102546,"Papua","Luring",944.13,62
101862,"Jawa Tengah","Daring",1141.93,270
104502,"Jawa Barat","Daring",2085.69,860
100628,"Jawa Barat","Luring",1682.36,259
101109,"Jawa Tengah","Daring",1652.58,534
102366,"Jawa Barat","Luring",2399.66,155
102992,"Jawa Barat","Daring",302.51,217
101322,"Jawa Tengah","Daring",507.18,224
103519,"Papua","Daring",1487.53,26
102528,"Papua","Luring",1553.36,19
102684,"Jawa Tengah","Daring",942.61,728
104741,"Jawa Barat","Daring",1164.2,731
104097,"Jawa Barat","Luring",1897.69,312
102314,"Papua","Luring",1093.67,685
103973,"Papua","Daring",1657.53,126
102189,"Sulawesi Selatan","Luring",1154.52,311
101841,"Sulawesi Selatan","Daring",2152.67,674
100356,"Jawa Barat","Luring",128.61,152
103455,"Jawa Tengah","Luring",1724.03,299
102940,"Jawa Tengah","Luring",1113.45,355
102832,"Papua","Daring",250.47,168
102145,"Papua","Daring",872.08,321
104349,"Jawa Barat","Luring",1770.65,868
104651,"Jawa Tengah","Daring",1060.76,692
102214,"Papua","Daring",1909.66,564
100130,"Papua","Luring",1366.97,34
101726,"Sulawesi Selatan","Luring",443.02,664
101009,"Jawa Barat","Luring",2344.97,608
103298,"Papua","Luring",737.04,617
101490,"Jawa Tengah","Luring",1637.67,370
100320,"Papua","Daring",1821.64,194
102637,"Jawa Barat","Luring",561.15,882
104253,"Jawa Tengah","Daring",1367.33,513
101341,"Sulawesi Selatan","Daring",1817.3,246
103215,"Jawa Tengah","Luring",1322.39,220
102890,"Jawa Barat","Luring",2433.5,294
102228,"Jawa Barat","Daring",106.6,435
104967,"Papua","Luring",2286.67,706
103395,"Jawa Tengah","Daring",2427.46,639
101748,"Jawa Barat","Luring",882.8,678
101098,"Jawa Tengah","Daring",138.93,152
102698,"Jawa Tengah","Daring",32.25,432
102049,"Sulawesi Selatan","Luring",520.33,521
101147,"Sulawesi Selatan","Luring",1583.55,82
101373,"Jawa Barat","Daring",2262.22,74
104303,"Papua","Luring",2460.11,485
103333,"Sulawesi Selatan","Daring",307.33,179
100545,"Jawa Tengah","Luring",2071.92,523
102007,"Jawa Tengah","Luring",757.26,582
101675,"Jawa Barat","Luring",2403.29,657
100036,"Sulawesi Selatan","Daring",1748.18,33
103024,"Jawa Barat","Luring",1378.4,868
101958,"Jawa Tengah","Daring",33.2,843
104026,"Jawa Tengah","Daring",1943.71,60
100818,"Papua","Daring",546.36,190
103000,"Jawa Barat","Luring",70.91,31
101271,"Jawa Barat","Luring",1268.26,231
103702,"Papua","Luring",1437.56,323
100282,"Jawa Tengah","Luring",2379.42,280
100406,"Papua","Daring",2185.75,621
101955,"Jawa Barat","Luring",10.47,444
101411,"Jawa Barat","Daring",2256.11,767
104823,"Jawa Tengah","Daring",2146.2,51
102319,"Jawa Barat","Daring",1898.73,26
104897,"Sulawesi Selatan","Daring",1159.37,465
104268,"Jawa Barat","Daring",1157.17,119
103218,"Papua","Daring",2444.82,200
102470,"Jawa Barat","Daring",555.66,136
102095,"Papua","Daring",600.7,27
102012,"Jawa Barat","Luring",2241.7,141
101109,"Jawa Tengah","Daring",1296.47,507
102657,"Jawa Barat","Luring",33.42,628
100572,"Jawa Tengah","Luring",1750.61,84
100693,"Jawa Tengah","Daring",856.8,51
100573,"Jawa Tengah","Daring",2159.92,350
100390,"Jawa Barat","Luring",2494.1,599
100633,"Jawa Tengah","Luring",501.21,269
103331,"Jawa Tengah","Luring",727.16,13
104444,"Jawa Tengah","Daring",2260.93,555
100911,"Jawa Barat","Daring",92.89,214
100815,"Jawa Tengah","Luring",1422.33,637
103069,"Jawa Tengah","Luring",2414.24,355
100322,"Papua","Daring",318.58,226
100507,"Sulawesi Selatan","Luring",1997.22,243
104986,"Jawa Barat","Daring",517.46,217
101159,"Sulawesi Selatan","Daring",696.02,691
103767,"Jawa Barat","Daring",2019.94,184
102620,"Jawa Barat","Daring",1443.78,566
100533,"Jawa Barat","Daring",197.22,457
100638,"Papua","Luring",447.2,890
103872,"Jawa Tengah","Daring",1563.65,386
102177,"Jawa Barat","Daring",2112.01,267
102511,"Jawa Tengah","Daring",2273.85,769
102956,"Jawa Tengah","Daring",1259.27,707
103113,"Jawa Barat","Daring",1192.91,424
104729,"Jawa Barat","Daring",653.86,295
100559,"Jawa Barat","Daring",423.78,524
101271,"Jawa Barat","Luring",1771.76,635
100078,"Sulawesi Selatan","Daring",1097.12,802
103367,"Jawa Barat","Daring",1545.59,97
100259,"Sulawesi Selatan","Daring",1196.2,233
103797,"Sulawesi Selatan","Luring",125.72,383
102282,"Jawa Tengah","Daring",437.8,478
104951,"Jawa Barat","Luring",1943.06,711
104951,"Sulawesi Selatan","Daring",2461.39,49
104808,"Sulawesi Selatan","Daring",2404.5,891
101252,"Jawa Barat","Daring",473.25,833
104080,"Jawa Tengah","Daring",852.38,301
102719,"Sulawesi Selatan","Luring",311.1,417
104542,"Papua","Luring",1871.61,871
100041,"Sulawesi Selatan","Daring",2012.95,146
101818,"Sulawesi Selatan","Luring",1472.94,666
101571,"Jawa Barat","Luring",2301.46,320
104280,"Jawa Barat","Daring",1610.35,859
103130,"Jawa Barat","Luring",794.24,617
101339,"Sulawesi Selatan","Daring",1095.97,56
104298,"Jawa Tengah","Luring",1573.45,850
103720,"Sulawesi Selatan","Luring",1897.15,268
101887,"Sulawesi Selatan","Daring",757.82,830
102733,"Jawa Barat","Daring",250.55,60
104702,"Sulawesi Selatan","Daring",1214.9,547
101528,"Sulawesi Selatan","Daring",1124.01,91
100515,"Jawa Tengah","Daring",13.54,780
103292,"Jawa Barat","Luring",1585.55,419
104105,"Sulawesi Selatan","Luring",2388.34,245
104020,"Jawa Barat","Luring",2020.17,781
100634,"Jawa Tengah","Luring",710.39,593
103682,"Jawa Tengah","Daring",2380.57,145
102096,"Jawa Barat","Luring",1401.47,804
100670,"Jawa Tengah","Daring",507.13,130
102860,"Jawa Barat","Daring",430.7,68
100277,"Jawa Tengah","Daring",1691.49,820
101314,"Jawa Barat","Luring",1317.4,120
102078,"Sulawesi Selatan","Daring",1004.9,770
103882,"Jawa Barat","Daring",1530.51,286
100557,"Jawa Barat","Daring",1179.69,316
102377,"Jawa Tengah","Daring",378.35,569
102521,"Jawa Barat","Daring",2263.42,326
102652,"Sulawesi Selatan","Luring",1421.29,372
102464,"Sulawesi Selatan","Daring",167.44,705
100784,"Jawa Tengah","Luring",47.08,567
101542,"Jawa Tengah","Daring",898.9,738
101509,"Papua","Daring",1961.14,411
100233,"Jawa Barat","Daring",1445.76,707
101568,"Jawa Barat","Daring",2268.66,231
101627,"Sulawesi Selatan","Daring",686.48,54
104442,"Sulawesi Selatan","Daring",1360.27,72
101667,"Jawa Tengah","Daring",1484.56,423
102874,"Sulawesi Selatan","Daring",388.19,808
100243,"Sulawesi Selatan","Daring",2388.44,730
101885,"Papua","Daring",2487.38,346
103623,"Jawa Tengah","Daring",911.45,669
103793,"Jawa Barat","Luring",604.09,551
102170,"Sulawesi Selatan","Daring",2215.5,770
102111,"Sulawesi Selatan","Luring",782.39,281
102611,"Sulawesi Selatan","Daring",795.25,453
101962,"Papua","Daring",1036.34,97
103625,"Jawa Barat","Luring",2411.08,869
103228,"Sulawesi Selatan","Daring",1693.92,424
104386,"Jawa Tengah","Daring",1720.87,236
101545,"Jawa Barat","Daring",293.93,355
100478,"Sulawesi Selatan","Luring",1524.44,725
104876,"Sulawesi Selatan","Daring",2417.93,215
104950,"Sulawesi Selatan","Daring",2283.71,389
104497,"Jawa Tengah","Daring",1861.85,354
101252,"Jawa Tengah","Luring",2439.66,859
103406,"Jawa Tengah","Daring",428.99,656
102679,"Jawa Barat","Daring",1310.3,381
100555,"Jawa Barat","Daring",1323.65,718
103538,"Sulawesi Selatan","Luring",215.45,621
103377,"Sulawesi Selatan","Daring",577.31,586
101587,"Jawa Barat","Daring",1315.35,758
102139,"Papua","Daring",1676.84,114
104348,"Jawa Barat","Luring",1549.8,830
103009,"Papua","Daring",1982.79,866
101869,"Jawa Barat","Luring",2214.88,736
102706,"Jawa Barat","Daring",1515.6,748
102087,"Sulawesi Selatan","Daring",2450.12,527
101419,"Jawa Barat","Daring",993.82,367
104960,"Papua","Luring",1854.16,47
103764,"Sulawesi Selatan","Luring",491.47,446
102590,"Jawa Tengah","Luring",2493.89,771
101825,"Jawa Barat","Daring",2045.2,100
103352,"Papua","Luring",1009.72,831
102789,"Sulawesi Selatan","Daring",1567.67,851
100083,"Sulawesi Selatan","Luring",1538.27,270
100544,"Jawa Tengah","Luring",1032.89,725
102791,"Jawa Barat","Daring",1263.6,813
101918,"Jawa Barat","Luring",1285.9,582
102531,"Jawa Tengah","Daring",173.65,868
101364,"Sulawesi Selatan","Luring",84.13,181
100327,"Jawa Barat","Daring",1780.17,780
104841,"Jawa Barat","Luring",1050.81,629
102019,"Sulawesi Selatan","Daring",460.75,294
101400,"Jawa Barat","Daring",1253.85,121
100911,"Sulawesi Selatan","Luring",1557.26,326
104783,"Jawa Tengah","Daring",1152,757
100906,"Jawa Tengah","Daring",2017.05,206
104427,"Sulawesi Selatan","Daring",2241.44,317
102351,"Jawa Tengah","Daring",2280.48,34
104112,"Jawa Tengah","Daring",793.68,776
102680,"Jawa Tengah","Luring",1007.21,83
104099,"Papua","Daring",1366.53,449
102970,"Jawa Barat","Luring",2448.46,519
100898,"Jawa Tengah","Daring",1397.99,391
104553,"Jawa Tengah","Luring",830.32,55
103194,"Sulawesi Selatan","Daring",904.45,825
101499,"Papua","Daring",193.17,345
101318,"Jawa Tengah","Daring",1519.91,800
102507,"Jawa Barat","Luring",275.2,527
101254,"Jawa Barat","Luring",859.93,733
102945,"Jawa Barat","Daring",333.04,93
101859,"Jawa Barat","Daring",570.85,504
103932,"Jawa Barat","Luring",967.44,824
102447,"Sulawesi Selatan","Luring",416.57,202
100637,"Sulawesi Selatan","Daring",1083.26,638
101102,"Papua","Luring",1348.51,156
102592,"Jawa Tengah","Luring",1436.73,349
104406,"Jawa Tengah","Luring",1450.73,375
102805,"Jawa Barat","Luring",1299.37,822
104428,"Sulawesi Selatan","Daring",762.31,467
100488,"Jawa Barat","Daring",1833.91,124
104259,"Jawa Barat","Daring",899.4,148
100457,"Jawa Barat","Luring",619.62,644
103691,"Jawa Barat","Daring",1965.02,227
104479,"Papua","Daring",856.26,93
104320,"Jawa Tengah","Daring",1770.76,666
103886,"Sulawesi Selatan","Daring",2206.43,130
102051,"Jawa Tengah","Daring",702.51,651
101332,"Jawa Barat","Luring",1976.62,441
104834,"Sulawesi Selatan","Daring",485.56,580
102997,"Sulawesi Selatan","Daring",983.36,481
102821,"Jawa Tengah","Luring",1246.25,891
102211,"Jawa Barat","Daring",804.11,589
103602,"Jawa Barat","Daring",1365.83,758
101101,"Jawa Barat","Daring",1912.57,128
104383,"Jawa Barat","Daring",94.45,79
103985,"Sulawesi Selatan","Luring",716.75,33
103358,"Jawa Barat","Luring",364.25,643
101258,"Sulawesi Selatan","Daring",215.47,273
102417,"Jawa Barat","Luring",2181.45,849
102781,"Jawa Barat","Luring",1318.99,551
100003,"Sulawesi Selatan","Daring",1936.55,607
103604,"Papua","Luring",1121.58,123
102948,"Jawa Barat","Luring",200.37,873
104385,"Sulawesi Selatan","Luring",1632.78,359
100510,"Sulawesi Selatan","Daring",2180.15,692
101266,"Jawa Tengah","Daring",1262.36,355
102638,"Sulawesi Selatan","Luring",664.94,140
104548,"Jawa Barat","Daring",1065.2,724
100236,"Jawa Tengah","Daring",1219.01,893
104910,"Jawa Barat","Daring",363.19,376
104507,"Jawa Tengah","Daring",560.17,811
102745,"Jawa Barat","Daring",1818.53,389
100353,"Jawa Tengah","Daring",2454.55,547
100989,"Jawa Barat","Luring",1261.28,248
103480,"Jawa Tengah","Daring",739.94,22
101097,"Jawa Tengah","Daring",1336.35,58
104739,"Jawa Tengah","Daring",1908.79,648
101452,"Sulawesi Selatan","Daring",115.35,734
101676,"Jawa Tengah","Luring",686.52,696
103489,"Sulawesi Selatan","Luring",2130.86,785
101340,"Jawa Barat","Daring",777.87,830
104579,"Jawa Barat","Luring",1483.26,744
100492,"Papua","Daring",885.17,91
102548,"Jawa Barat","Daring",736.9,246
102290,"Jawa Tengah","Luring",2353.53,458
100982,"Jawa Barat","Daring",1949.14,241
102988,"Papua","Luring",308.26,893
101520,"Jawa Tengah","Daring",278.96,687
102170,"Jawa Barat","Luring",2118.83,330
104375,"Jawa Tengah","Daring",1611.83,248
102785,"Jawa Barat","Daring",978.72,246
100367,"Papua","Daring",422.15,769
100553,"Jawa Barat","Daring",2148.98,295
102436,"Jawa Barat","Daring",838.31,741
104562,"Jawa Tengah","Daring",1110.28,201
101364,"Jawa Barat","Luring",1866.54,839
103267,"Jawa Barat","Daring",512.77,670
104033,"Jawa Barat","Luring",765.52,382
104478,"Jawa Tengah","Daring",1052.7,397
103162,"Sulawesi Selatan","Luring",753.03,171
100844,"Jawa Tengah","Daring",818.99,633
101932,"Jawa Tengah","Daring",2494.36,625
103925,"Jawa Tengah","Luring",552.29,703
100180,"Sulawesi Selatan","Daring",1233.22,22
101679,"Sulawesi Selatan","Luring",2347.43,565
102978,"Jawa Barat","Luring",2148.01,486
104762,"Jawa Tengah","Daring",2073.81,11
100606,"Jawa Barat","Daring",1533.7,818
102300,"Jawa Barat","Luring",709.67,597
101501,"Papua","Daring",15.52,517
100212,"Sulawesi Selatan","Daring",1362.04,756
104687,"Jawa Barat","Luring",73.5,868
104741,"Papua","Daring",124.92,574
104803,"Jawa Barat","Daring",904.8,876
103993,"Jawa Barat","Luring",1554.55,800
104297,"Papua","Daring",1886.58,183
104989,"Jawa Barat","Daring",1013.74,597
102843,"Jawa Barat","Daring",2337.54,723
104435,"Sulawesi Selatan","Daring",454.81,180
101376,"Jawa Barat","Daring",1697.12,275
101723,"Jawa Tengah","Daring",1949.19,196
103430,"Jawa Tengah","Daring",130.51,587
104653,"Jawa Tengah","Daring",448.75,764
103992,"Papua","Luring",1713.89,518
102096,"Sulawesi Selatan","Daring",1365.28,736
104046,"Jawa Tengah","Luring",1842.96,654
103278,"Jawa Tengah","Luring",2229.06,888
100522,"Jawa Tengah","Luring",601.22,101
104313,"Jawa Barat","Luring",2097.7,68
100633,"Jawa Barat","Luring",223.18,642
102910,"Jawa Barat","Daring",1342.41,502
100951,"Sulawesi Selatan","Daring",1373.74,229
100167,"Jawa Tengah","Daring",2166.98,489
103276,"Jawa Barat","Daring",304.77,403
102985,"Jawa Barat","Daring",1587.52,848
100413,"Jawa Barat","Daring",2397.17,107
101887,"Jawa Tengah","Daring",943.33,755
103957,"Jawa Tengah","Luring",1224.4,508
103937,"Papua","Luring",695.06,134
100339,"Jawa Tengah","Luring",502.47,442
103173,"Jawa Tengah","Luring",2048.08,231
103305,"Sulawesi Selatan","Daring",279.62,499
102320,"Jawa Barat","Luring",1878.8,416
102300,"Jawa Barat","Luring",1906.5,243
102624,"Papua","Luring",2004.02,788
102677,"Jawa Barat","Luring",1590.95,623
104546,"Jawa Tengah","Daring",391.54,546
104861,"Papua","Daring",225.47,365
104741,"Jawa Barat","Daring",2152.68,602
102312,"Sulawesi Selatan","Daring",220.06,274
103300,"Jawa Barat","Daring",362.56,821
102496,"Jawa Tengah","Daring",1330.31,304
103250,"Jawa Barat","Daring",2392.33,768
101835,"Jawa Tengah","Daring",1025.6,70
100765,"Jawa Tengah","Daring",1195.99,518
103885,"Jawa Barat","Daring",2118.07,554
103742,"Papua","Daring",441.53,86
104597,"Papua","Luring",1373.62,620
102579,"Jawa Tengah","Daring",271.36,834
100780,"Jawa Barat","Luring",922.57,285
103067,"Jawa Barat","Daring",2465.72,867
103025,"Jawa Barat","Luring",1816.48,526
100117,"Jawa Tengah","Daring",826.44,567
100256,"Jawa Barat","Daring",95.4,893
101543,"Jawa Barat","Luring",1266.71,377
104710,"Jawa Barat","Daring",648.6,57
100115,"Jawa Barat","Luring",1651.2,611
103407,"Jawa Tengah","Luring",340.2,173
100052,"Jawa Tengah","Daring",2314.2,470
104679,"Jawa Barat","Luring",1995.15,892
102752,"Sulawesi Selatan","Daring",1826.18,466
101586,"Sulawesi Selatan","Luring",809.63,691
100401,"Sulawesi Selatan","Daring",2446.96,603
103070,"Jawa Tengah","Daring",2156.95,167
100133,"Papua","Luring",2127.5,643
104440,"Jawa Barat","Daring",1316.93,6
103354,"Papua","Daring",1649.29,893
103562,"Papua","Daring",1793.68,271
100393,"Sulawesi Selatan","Daring",2199.63,525
104064,"Sulawesi Selatan","Daring",1007.67,691
104925,"Jawa Barat","Daring",381.86,419
104496,"Jawa Tengah","Daring",340.37,748
100851,"Jawa Barat","Daring",391.23,831
101908,"Jawa Tengah","Daring",1559.3,583
100682,"Sulawesi Selatan","Luring",1205.72,205
102766,"Sulawesi Selatan","Luring",17.69,475
101887,"Jawa Barat","Luring",438.19,187
102665,"Jawa Tengah","Luring",2362.4,633
100123,"Sulawesi Selatan","Daring",1353.2,429
101655,"Sulawesi Selatan","Luring",2141.34,868
103327,"Jawa Barat","Luring",2342.85,306
100103,"Sulawesi Selatan","Luring",2183.91,196
101277,"Sulawesi Selatan","Daring",2298.97,562
101438,"Jawa Tengah","Daring",2478.46,318
100375,"Sulawesi Selatan","Luring",1066.06,124
104668,"Sulawesi Selatan","Daring",784.98,743
100561,"Jawa Barat","Daring",154.72,248
104947,"Jawa Barat","Luring",655.48,317
100531,"Jawa Barat","Luring",446.99,636
100792,"Jawa Tengah","Daring",1317.83,637
102011,"Jawa Tengah","Daring",1840.37,86
101312,"Jawa Barat","Daring",2226.63,336
101271,"Jawa Barat","Daring",401.32,16
100095,"Sulawesi Selatan","Daring",114.69,897
102520,"Jawa Tengah","Daring",736.37,647
103034,"Jawa Tengah","Luring",2452.7,461
103158,"Jawa Tengah","Daring",2070.39,246
101522,"Sulawesi Selatan","Luring",2007.44,874
104557,"Jawa Tengah","Daring",149.01,90
100556,"Jawa Tengah","Daring",2277.5,550
103217,"Papua","Luring",1935.84,84
101915,"Jawa Tengah","Daring",1457.6,461
104224,"Papua","Daring",1051.74,657
100827,"Sulawesi Selatan","Luring",2129.76,865
102183,"Jawa Tengah","Daring",2237.53,887
104151,"Papua","Daring",934.89,497
104819,"Jawa Barat","Luring",1082.42,226
103320,"Jawa Barat","Daring",306.22,791
101426,"Jawa Barat","Luring",795.91,629
102712,"Papua","Daring",859.24,776
101968,"Sulawesi Selatan","Daring",1543.98,507
104102,"Jawa Barat","Daring",227.33,131
102176,"Jawa Barat","Daring",213.32,127
103474,"Jawa Barat","Daring",2142.58,183
100653,"Papua","Daring",1879.98,36
100047,"Sulawesi Selatan","Daring",1943.05,711
101553,"Jawa Barat","Daring",1143.94,77
103055,"Jawa Tengah","Luring",1206.76,244
104593,"Papua","Daring",2381.26,847
103465,"Jawa Barat","Daring",1096.41,815
100401,"Jawa Tengah","Daring",2095.95,556
103137,"Papua","Luring",297.42,288
104701,"Jawa Tengah","Daring",1668.12,252
101369,"Sulawesi Selatan","Luring",2024.79,484
102772,"Jawa Barat","Daring",1920.15,818
102759,"Jawa Barat","Daring",27.73,350
102334,"Jawa Barat","Luring",1515.04,600
102186,"Jawa Tengah","Daring",1885.03,17
104785,"Jawa Barat","Luring",2324.41,795
100608,"Jawa Tengah","Daring",648.87,807
100310,"Jawa Barat","Daring",456.75,806
104877,"Jawa Barat","Daring",1047.83,645
101732,"Papua","Daring",648.82,585
100295,"Sulawesi Selatan","Daring",2098.31,107
104543,"Papua","Daring",2099.75,138
101249,"Jawa Tengah","Daring",1512.19,467
103646,"Jawa Barat","Daring",1446.37,341
104411,"Jawa Tengah","Luring",1827.01,158
104058,"Sulawesi Selatan","Daring",2415.24,31
100258,"Jawa Barat","Daring",1879.5,551
103719,"Sulawesi Selatan","Daring",2220.74,210
103762,"Jawa Tengah","Daring",847.05,393
102405,"Jawa Barat","Luring",758.95,765
101873,"Jawa Barat","Daring",851.91,332
102411,"Jawa Barat","Luring",1171.04,763
101810,"Jawa Barat","Luring",1478.21,332
103488,"Jawa Barat","Daring",1258.68,598
100136,"Jawa Tengah","Daring",1333.47,505
101575,"Jawa Barat","Daring",1758.67,655
101200,"Jawa Barat","Daring",1211.44,83
102564,"Jawa Barat","Daring",2157.11,504
103302,"Jawa Tengah","Daring",1081.49,883
102329,"Sulawesi Selatan","Luring",1250.92,15
101718,"Jawa Barat","Daring",863.59,381
100106,"Sulawesi Selatan","Daring",1329.97,150
104433,"Jawa Tengah","Daring",1160.1,798
101565,"Sulawesi Selatan","Daring",1073.96,83
102633,"Jawa Tengah","Luring",1873.56,325
101193,"Jawa Tengah","Luring",415.56,95
102478,"Jawa Barat","Luring",869.12,274
103078,"Jawa Tengah","Daring",850.95,287
102328,"Papua","Daring",235.91,524
100407,"Sulawesi Selatan","Daring",1562.45,838
103304,"Jawa Tengah","Daring",269.14,198
103123,"Jawa Barat","Daring",2436.42,838
104505,"Jawa Barat","Luring",979.27,818
100207,"Papua","Daring",51.17,863
104016,"Papua","Daring",916.3,858
100552,"Jawa Barat","Luring",1878.5,835
103958,"Papua","Daring",188.15,609
104420,"Jawa Tengah","Daring",1668.51,687
104692,"Jawa Barat","Luring",1153.99,101
104127,"Jawa Tengah","Luring",558.08,72
101678,"Jawa Tengah","Daring",1037.77,328
103003,"Jawa Barat","Daring",999.12,316
102398,"Jawa Barat","Luring",1128.24,657
101024,"Jawa Tengah","Daring",2011.78,687
104844,"Sulawesi Selatan","Luring",1196.06,805
104902,"Jawa Tengah","Luring",2437.63,301
101562,"Jawa Barat","Daring",1511.37,207
100588,"Jawa Barat","Luring",1686.36,623
103835,"Papua","Luring",220.03,376
102709,"Jawa Barat","Luring",1432.09,729
103103,"Jawa Barat","Luring",479.79,811
104818,"Jawa Barat","Daring",1640.39,551
104896,"Jawa Barat","Luring",623.14,878
100781,"Jawa Tengah","Daring",595.99,270
104725,"Jawa Tengah","Daring",153.83,293
104708,"Jawa Barat","Daring",2458.66,637
102973,"Papua","Daring",1578.73,485
101573,"Papua","Luring",1558.65,732
103631,"Jawa Barat","Daring",1026.52,838
102583,"Jawa Tengah","Luring",198.19,244
100008,"Jawa Tengah","Daring",1535.59,431
103619,"Jawa Tengah","Daring",1564.19,888
102375,"Sulawesi Selatan","Daring",1454.43,832
104316,"Papua","Daring",621.26,600
103769,"Papua","Luring",1016.39,654
102510,"Sulawesi Selatan","Luring",1125.85,133
104965,"Sulawesi Selatan","Daring",850.77,209
103658,"Papua","Daring",1765.65,133
102758,"Jawa Tengah","Daring",273.15,624
102790,"Jawa Tengah","Luring",62.5,254
103674,"Jawa Tengah","Daring",1791.94,650
102281,"Papua","Daring",948.26,212
102668,"Jawa Barat","Daring",165.37,858
103238,"Jawa Barat","Daring",2292.9,606
100527,"Jawa Barat","Daring",2110.23,603
103701,"Jawa Barat","Daring",2120.71,489
102678,"Papua","Luring",269.23,884
103468,"Jawa Barat","Luring",1927.91,132
103677,"Jawa Tengah","Luring",736.01,489
103854,"Sulawesi Selatan","Luring",247.28,605
103075,"Sulawesi Selatan","Daring",2404.54,542
102265,"Sulawesi Selatan","Luring",980.24,508
103845,"Papua","Daring",1691.52,820
101819,"Papua","Daring",1927.3,285
102492,"Jawa Tengah","Daring",1641.47,173
103246,"Sulawesi Selatan","Luring",1830.29,245
101639,"Jawa Tengah","Daring",1348.05,264
100567,"Jawa Tengah","Luring",837.01,756
104224,"Jawa Barat","Daring",1646.25,645
102323,"Jawa Tengah","Daring",2294.52,820
100493,"Jawa Tengah","Luring",1183.31,607
104738,"Jawa Tengah","Daring",705.32,113
103874,"Jawa Barat","Luring",139.61,837
101588,"Jawa Barat","Daring",2427.48,67
102771,"Jawa Barat","Daring",2130.37,548
101944,"Jawa Tengah","Luring",880.99,815
100024,"Jawa Tengah","Luring",1875.23,542
102759,"Jawa Tengah","Luring",422.97,126
101537,"Jawa Barat","Daring",1382.17,423
101045,"Jawa Tengah","Daring",1769.05,784
104510,"Jawa Tengah","Luring",533.56,555
102077,"Jawa Tengah","Daring",1892.42,375
100096,"Jawa Tengah","Luring",1454.72,515
104131,"Jawa Tengah","Daring",1588.4,17
104635,"Sulawesi Selatan","Luring",423.96,687
103115,"Jawa Barat","Daring",304.05,695
104625,"Jawa Tengah","Luring",855.67,92
101944,"Papua","Luring",503.55,612
104410,"Jawa Barat","Daring",2014.05,415
103028,"Jawa Barat","Daring",1446.98,8
102362,"Jawa Barat","Daring",2347.11,746
101325,"Jawa Barat","Daring",961.57,752
101440,"Sulawesi Selatan","Luring",1945.74,583
103335,"Jawa Tengah","Daring",1960.21,516
100301,"Sulawesi Selatan","Daring",1357.09,641
102417,"Jawa Barat","Luring",831.45,634
102345,"Jawa Tengah","Daring",1058.32,867
101529,"Jawa Tengah","Daring",2259.45,464
102056,"Jawa Barat","Daring",1105.87,781
103672,"Sulawesi Selatan","Daring",728.35,887
104860,"Jawa Barat","Daring",1895.8,120
100885,"Sulawesi Selatan","Daring",782.11,628
103017,"Jawa Barat","Luring",680.28,899
102392,"Jawa Barat","Luring",2167.15,479
101488,"Jawa Tengah","Luring",1423.03,205
101382,"Jawa Tengah","Luring",1994.04,836
104208,"Papua","Daring",609.59,733
103548,"Jawa Barat","Luring",1962.28,607
103985,"Papua","Luring",835.78,203
104397,"Jawa Tengah","Luring",87.14,537
101560,"Jawa Tengah","Daring",42.64,393
101131,"Jawa Tengah","Luring",1265.04,109
103407,"Jawa Barat","Luring",349.96,666
103159,"Papua","Luring",320.42,867
101335,"Sulawesi Selatan","Luring",2423.56,510
101993,"Sulawesi Selatan","Daring",557.53,680
101240,"Jawa Barat","Luring",1961.15,70
102742,"Jawa Tengah","Daring",108.84,462
100934,"Jawa Barat","Daring",998.52,239
101052,"Jawa Barat","Luring",1020.8,245
101725,"Jawa Barat","Daring",614.47,433
103301,"Sulawesi Selatan","Daring",1218.09,509
100800,"Jawa Barat","Daring",2479.69,875
103148,"Jawa Tengah","Daring",1773.75,703
103994,"Jawa Barat","Daring",1709.65,123
100162,"Jawa Barat","Luring",406.76,896
103721,"Papua","Luring",1924.91,107
103028,"Jawa Barat","Daring",1586.08,568
102267,"Sulawesi Selatan","Daring",1324.49,596
101734,"Sulawesi Selatan","Daring",2065.14,727
104743,"Jawa Tengah","Daring",605.81,248
100052,"Jawa Barat","Luring",2354.03,451
103465,"Papua","Luring",517.46,213
103498,"Jawa Barat","Luring",1613.03,29
103784,"Papua","Daring",1939.41,450
100820,"Jawa Tengah","Luring",2225.33,368
101734,"Jawa Tengah","Daring",2159.14,421
103214,"Jawa Barat","Luring",374.49,826
104611,"Jawa Barat","Luring",1571.53,178
102621,"Papua","Daring",2282.44,343
102741,"Sulawesi Selatan","Daring",390.63,116
104316,"Sulawesi Selatan","Luring",1321.05,153
101597,"Papua","Daring",992.71,298
100032,"Jawa Tengah","Daring",2445.28,142
104063,"Jawa Barat","Luring",1333.15,691
104419,"Jawa Barat","Daring",1594.76,154
101053,"Jawa Barat","Luring",1942.88,324
100249,"Jawa Tengah","Daring",1650.05,568
100707,"Jawa Barat","Luring",251.19,487
103429,"Jawa Barat","Daring",792.33,11
104539,"Papua","Daring",1643.45,446
104379,"Papua","Daring",2288.52,86
104205,"Papua","Luring",1317.62,315
103037,"Papua","Daring",1958.33,185
104260,"Jawa Tengah","Luring",1394.95,12
103812,"Jawa Tengah","Daring",2036.05,838
103754,"Jawa Barat","Daring",1439.31,50
104390,"Jawa Tengah","Daring",1371.31,389
102903,"Jawa Barat","Daring",1682.23,832
101494,"Sulawesi Selatan","Daring",2179.31,571
100857,"Jawa Tengah","Luring",1963.88,13
103894,"Jawa Barat","Daring",518.18,480
101483,"Jawa Tengah","Luring",1436.47,648
103642,"Papua","Daring",1524.05,339
102017,"Jawa Barat","Daring",2060.63,715
100120,"Jawa Barat","Daring",614.03,231
104159,"Jawa Tengah","Daring",1737.63,304
100934,"Sulawesi Selatan","Luring",1672.55,697
102133,"Jawa Tengah","Luring",1794.31,498
104640,"Jawa Barat","Daring",1553.83,36
103757,"Jawa Tengah","Daring",1282.76,447
101840,"Jawa Tengah","Daring",1566.14,114
103633,"Jawa Tengah","Daring",1215.02,808
103459,"Jawa Tengah","Luring",390.45,276
101821,"Jawa Barat","Luring",1101.36,56
104206,"Papua","Luring",1461.17,340
100461,"Jawa Barat","Luring",1897.38,251
102552,"Papua","Luring",1782.46,440
102167,"Papua","Daring",2120.08,452
104916,"Sulawesi Selatan","Luring",795.85,414
101796,"Sulawesi Selatan","Daring",131.96,771
101076,"Jawa Tengah","Daring",2389.06,519
100277,"Jawa Tengah","Daring",535.47,408
103864,"Jawa Tengah","Daring",1293.02,244
101806,"Sulawesi Selatan","Luring",2394.43,426
100739,"Jawa Barat","Daring",2302.3,883
104497,"Jawa Tengah","Daring",752.61,421
101875,"Jawa Barat","Daring",287.3,862
101183,"Jawa Tengah","Daring",503.38,545
101180,"Jawa Barat","Luring",1249.76,346
101256,"Papua","Luring",200.23,39
104171,"Jawa Barat","Luring",89.98,288
104798,"Jawa Barat","Daring",238.39,247
102266,"Jawa Barat","Daring",1981.51,209
102673,"Sulawesi Selatan","Daring",2459.48,169
102707,"Papua","Daring",1098.48,479
100252,"Jawa Barat","Luring",1695.06,313
100661,"Jawa Barat","Daring",2091.31,158
100546,"Jawa Barat","Daring",1450.71,309
103165,"Jawa Barat","Luring",155.26,407
104918,"Jawa Barat","Daring",2357,556
103046,"Jawa Tengah","Daring",1120.23,746
104372,"Jawa Barat","Luring",285.03,499
104644,"Jawa Barat","Daring",440.46,708
102158,"Jawa Barat","Luring",1855.3,717
101991,"Sulawesi Selatan","Daring",1694.21,250
100126,"Sulawesi Selatan","Luring",1096.89,777
101305,"Jawa Tengah","Daring",239.19,297
100148,"Sulawesi Selatan","Luring",541.43,60
102192,"Jawa Barat","Daring",1814.16,547
100441,"Jawa Barat","Daring",2092.19,96
103530,"Jawa Barat","Daring",1531.49,810
100392,"Jawa Tengah","Daring",1456.83,672
103837,"Sulawesi Selatan","Daring",2151.99,239
101863,"Jawa Barat","Luring",1232.03,413
101812,"Jawa Barat","Daring",748.75,794
104419,"Jawa Barat","Luring",607.5,834
103730,"Jawa Tengah","Luring",1428.03,230
101597,"Papua","Luring",165.86,550
104410,"Jawa Barat","Daring",1000.99,682
101068,"Jawa Tengah","Daring",789.4,106
100537,"Papua","Daring",1366.28,125
100579,"Jawa Tengah","Luring",195.36,477
103257,"Jawa Barat","Luring",2397.86,747
100545,"Jawa Barat","Daring",2465.54,512
103013,"Sulawesi Selatan","Luring",95.08,292
101681,"Jawa Barat","Daring",1724.12,54
102457,"Sulawesi Selatan","Daring",2293.88,659
100511,"Jawa Barat","Luring",1947.51,335
100830,"Jawa Barat","Daring",1213.01,441
104789,"Sulawesi Selatan","Daring",1902.09,85
104693,"Papua","Daring",2330.77,663
101937,"Jawa Tengah","Luring",2277.37,373
100478,"Jawa Tengah","Daring",988.85,20
104176,"Papua","Luring",207.56,116
101445,"Jawa Barat","Luring",2153.88,514
101280,"Jawa Tengah","Luring",1212.42,657
103977,"Jawa Barat","Daring",684.24,198
102648,"Jawa Tengah","Daring",839.71,93
103783,"Sulawesi Selatan","Daring",1010.24,296
100796,"Jawa Barat","Daring",379.33,361
103789,"Jawa Barat","Daring",509.53,89
101051,"Jawa Barat","Daring",286.49,769
101848,"Jawa Barat","Daring",2082.62,339
101626,"Sulawesi Selatan","Luring",1671.17,420
101186,"Sulawesi Selatan","Luring",1352.68,202
102127,"Sulawesi Selatan","Daring",1537.56,848
104505,"Jawa Tengah","Daring",1946.93,865
102867,"Papua","Daring",155.8,77
104334,"Jawa Barat","Daring",38.99,68
102825,"Jawa Barat","Luring",2098.97,523
101084,"Jawa Tengah","Daring",1280.61,662
103905,"Jawa Barat","Luring",783.25,405
104669,"Jawa Barat","Luring",1588.6,612
101063,"Jawa Barat","Luring",2306.12,101
104971,"Jawa Barat","Luring",459.09,674
104163,"Sulawesi Selatan","Daring",1751.25,828
104697,"Sulawesi Selatan","Daring",388.15,517
103460,"Sulawesi Selatan","Daring",2022.85,78
100529,"Jawa Tengah","Daring",357.39,637
100313,"Jawa Tengah","Daring",2386.3,54
100873,"Jawa Tengah","Luring",578.89,896
100472,"Sulawesi Selatan","Daring",2340.35,818
104236,"Jawa Barat","Daring",859.22,438
104698,"Jawa Tengah","Daring",1585.36,890
100372,"Jawa Barat","Daring",2235.43,582
102853,"Papua","Daring",568.2,180
104710,"Papua","Luring",94.65,203
101882,"Jawa Barat","Luring",2213.53,487
101567,"Jawa Barat","Daring",1492.81,255
102993,"Jawa Tengah","Luring",749.55,795
104249,"Jawa Barat","Daring",1349.23,793
100466,"Jawa Tengah","Daring",834.96,854
103919,"Jawa Tengah","Daring",271.61,28
101981,"Sulawesi Selatan","Daring",2441.96,899
102687,"Jawa Barat","Luring",634.1,730
103785,"Papua","Daring",2084.09,47
104234,"Sulawesi Selatan","Daring",1413.55,488
101498,"Jawa Tengah","Luring",1538.82,169
104068,"Jawa Barat","Daring",542.66,140
101258,"Jawa Tengah","Daring",680.83,242
100295,"Jawa Tengah","Luring",627.49,727
101089,"Sulawesi Selatan","Daring",967.43,449
100277,"Sulawesi Selatan","Daring",871.12,297
104609,"Jawa Barat","Daring",206.86,271
103086,"Jawa Barat","Daring",2112.56,566
103423,"Jawa Barat","Luring",2151.07,146
103425,"Jawa Barat","Daring",1352.5,867
100335,"Jawa Barat","Daring",1041.16,385
104406,"Jawa Barat","Daring",1351.78,394
101235,"Sulawesi Selatan","Luring",126.95,339
100593,"Jawa Tengah","Daring",1253.09,146
100110,"Jawa Barat","Daring",52.33,572
104840,"Jawa Barat","Daring",557.37,372
102540,"Jawa Barat","Daring",1176.95,15
102528,"Jawa Barat","Luring",114.97,729
102991,"Jawa Barat","Daring",580.26,352
102107,"Jawa Barat","Daring",1291.11,55
101952,"Sulawesi Selatan","Luring",2475.92,773
103614,"Jawa Barat","Daring",202.85,79
100651,"Jawa Tengah","Daring",2414.52,151
102538,"Jawa Barat","Luring",2478.68,451
100191,"Jawa Barat","Daring",721.46,714
104245,"Jawa Barat","Luring",997.12,598
101452,"Papua","Luring",145.53,280
100275,"Sulawesi Selatan","Luring",620.2,478
100049,"Jawa Tengah","Luring",2469.42,540
100067,"Sulawesi Selatan","Luring",1868.58,519
104193,"Jawa Tengah","Luring",823.05,498
100097,"Jawa Barat","Daring",780.72,252
101206,"Jawa Barat","Luring",1122.76,838
100822,"Jawa Tengah","Luring",1219.03,695
100019,"Papua","Daring",582.48,577
100532,"Jawa Tengah","Luring",1300.42,773
104239,"Jawa Tengah","Daring",1903.75,409
104599,"Sulawesi Selatan","Luring",510.69,638
103162,"Sulawesi Selatan","Luring",889.1,779
103702,"Papua","Luring",1181.16,589
100016,"Jawa Tengah","Daring",2472.26,460
104549,"Jawa Tengah","Daring",1728.24,546
101951,"Jawa Barat","Daring",768.26,787
101652,"Jawa Barat","Daring",2048.56,588
100746,"Jawa Barat","Daring",359.35,451
101355,"Jawa Barat","Daring",1707.44,810
104538,"Papua","Daring",1564.27,682
101816,"Sulawesi Selatan","Daring",1473.33,201
104856,"Jawa Barat","Luring",2182.71,641
104515,"Sulawesi Selatan","Daring",2147.71,539
102788,"Jawa Barat","Daring",894.94,191
100530,"Jawa Barat","Daring",1492.98,285
104195,"Jawa Tengah","Daring",775.54,759
102406,"Jawa Barat","Luring",437.4,475
104644,"Jawa Tengah","Luring",535.19,71
102305,"Sulawesi Selatan","Daring",2009.86,258
101632,"Jawa Barat","Luring",1602.06,496
101546,"Papua","Daring",1824.58,693
103434,"Papua","Daring",830.27,448
101516,"Jawa Barat","Luring",210.63,853
102008,"Papua","Luring",1389.58,867
101998,"Jawa Barat","Luring",240.55,667
101367,"Sulawesi Selatan","Luring",1056.5,93
101874,"Jawa Tengah","Daring",47.2,274
103220,"Sulawesi Selatan","Daring",1967.8,739
103167,"Jawa Barat","Luring",103.85,326
101970,"Jawa Barat","Daring",782.07,26
100060,"Jawa Barat","Luring",1951.57,243
104059,"Jawa Tengah","Daring",2058.28,664
104168,"Jawa Tengah","Luring",829.51,504
101757,"Papua","Daring",1486,701
103917,"Sulawesi Selatan","Daring",1510,185
100774,"Jawa Barat","Luring",1518.39,444
104116,"Jawa Tengah","Luring",613.38,673
103462,"Jawa Tengah","Luring",2326.95,893
100535,"Jawa Tengah","Luring",1357.51,816
104045,"Jawa Barat","Daring",753.64,374
102870,"Sulawesi Selatan","Luring",1010.3,82
100320,"Sulawesi Selatan","Daring",132.77,518
100061,"Sulawesi Selatan","Daring",2156.01,838
100420,"Papua","Daring",561.44,138
103587,"Jawa Barat","Daring",54.42,745
102700,"Jawa Barat","Daring",1169.73,145
104344,"Jawa Tengah","Luring",40.55,557
102756,"Jawa Tengah","Luring",333.02,116
102989,"Sulawesi Selatan","Daring",1251.03,824
101396,"Jawa Barat","Luring",1210.71,747
103530,"Jawa Barat","Daring",1757.92,646
104656,"Jawa Barat","Luring",23.22,836
100795,"Jawa Tengah","Daring",450.39,202
100250,"Sulawesi Selatan","Daring",2213.81,477
101200,"Jawa Tengah","Luring",1092.14,482
100349,"Sulawesi Selatan","Luring",1393.45,565
104032,"Papua","Daring",1668.14,171
101752,"Jawa Barat","Luring",219.24,772
101320,"Sulawesi Selatan","Luring",1587.94,120
102834,"Jawa Tengah","Daring",2487.38,85
104192,"Jawa Barat","Luring",334.14,812
100636,"Jawa Barat","Luring",1620.29,106
102460,"Sulawesi Selatan","Luring",269,533
104239,"Jawa Tengah","Luring",1210.17,299
101273,"Sulawesi Selatan","Daring",301.47,421
101861,"Jawa Barat","Daring",694.65,485
100441,"Jawa Barat","Luring",2086.58,895
100638,"Jawa Barat","Daring",1096.97,147
100232,"Sulawesi Selatan","Daring",1302.41,739
100783,"Jawa Tengah","Daring",209.78,707
102253,"Jawa Barat","Daring",2181.42,201
100909,"Jawa Barat","Daring",1613.97,126
100542,"Jawa Barat","Luring",1329.52,769
103246,"Jawa Barat","Luring",1097.04,342
100993,"Jawa Tengah","Luring",1536.08,544
100737,"Jawa Barat","Daring",143.45,520
104506,"Sulawesi Selatan","Daring",907.73,388
102524,"Sulawesi Selatan","Daring",1578.9,796
100628,"Jawa Barat","Daring",635.51,893
100497,"Jawa Barat","Luring",1630.54,275
101430,"Jawa Barat","Daring",174.87,269
102497,"Sulawesi Selatan","Luring",2418.92,822
100679,"Papua","Luring",89.01,642
102811,"Jawa Tengah","Daring",2176.34,183
101658,"Jawa Barat","Luring",894.09,380
104489,"Jawa Tengah","Daring",1051.8,863
103262,"Sulawesi Selatan","Luring",1279.61,105
102285,"Sulawesi Selatan","Luring",349.25,575
104871,"Jawa Tengah","Daring",1592.54,895
103932,"Sulawesi Selatan","Daring",1257.83,398
100730,"Sulawesi Selatan","Luring",1686.66,50
100202,"Jawa Tengah","Daring",1959.09,285
103124,"Papua","Luring",1780.22,97
103141,"Jawa Barat","Luring",1509.55,811
103083,"Jawa Tengah","Daring",1076.55,338
102445,"Sulawesi Selatan","Luring",297.46,821
101504,"Jawa Tengah","Daring",95.56,572
104548,"Sulawesi Selatan","Luring",465.3,512
103639,"Jawa Tengah","Luring",1040.15,79
100358,"Jawa Tengah","Daring",1500.64,700
102131,"Jawa Tengah","Daring",2430.06,723
103889,"Jawa Barat","Daring",1962.02,192
104484,"Jawa Tengah","Daring",2141.4,510
101703,"Jawa Tengah","Luring",2245.8,823
104171,"Jawa Barat","Daring",2056,158
102557,"Sulawesi Selatan","Luring",806.57,47
102788,"Jawa Barat","Luring",1702.04,862
102440,"Jawa Barat","Luring",1976.2,717
100043,"Jawa Barat","Luring",410.14,742
102969,"Papua","Daring",1368.5,871
104705,"Jawa Barat","Daring",641.86,404
101347,"Jawa Tengah","Daring",2181.99,183
103627,"Jawa Barat","Daring",312.14,820
103075,"Jawa Barat","Daring",2489.37,679
102580,"Sulawesi Selatan","Daring",73.1,427
103258,"Jawa Barat","Daring",369.17,250
102996,"Papua","Luring",1489.77,582
102037,"Jawa Tengah","Daring",2191.16,295
100208,"Jawa Tengah","Luring",154.28,268
101722,"Sulawesi Selatan","Daring",1774.54,446
102011,"Jawa Barat","Luring",1845.34,488
104894,"Jawa Tengah","Daring",2078.86,463
100341,"Jawa Barat","Luring",491.85,24
100624,"Papua","Daring",1331.54,756
100095,"Jawa Tengah","Daring",2200.29,671
101974,"Sulawesi Selatan","Daring",2178.45,192
101532,"Jawa Barat","Daring",1397.32,767
103606,"Jawa Barat","Luring",455.92,178
104410,"Jawa Barat","Daring",1789.44,9
102828,"Jawa Barat","Daring",1026.63,894
100850,"Jawa Barat","Luring",740.72,447
104514,"Papua","Daring",1528.18,582
103058,"Sulawesi Selatan","Luring",78.24,553
103352,"Jawa Tengah","Daring",2416.41,256
102862,"Papua","Luring",991.71,814
103833,"Papua","Daring",1411.16,203
104567,"Jawa Tengah","Luring",1164.11,70
104148,"Jawa Tengah","Luring",2226.65,646
102380,"Jawa Tengah","Daring",604.41,23
100332,"Jawa Barat","Luring",2224.05,403
101570,"Jawa Tengah","Luring",1384.29,420
102356,"Jawa Barat","Daring",464.88,71
100791,"Jawa Barat","Luring",71.89,237
103693,"Jawa Tengah","Luring",1269.01,392
100208,"Papua","Daring",729.15,576
104721,"Jawa Barat","Luring",2298.88,31
100195,"Sulawesi Selatan","Luring",933.55,109
100127,"Sulawesi Selatan","Luring",1495.81,237
100377,"Jawa Barat","Luring",1098.81,460
100808,"Jawa Barat","Daring",926.16,103
100359,"Sulawesi Selatan","Luring",1371.49,447
104195,"Sulawesi Selatan","Luring",2097,667
104776,"Sulawesi Selatan","Daring",176.89,142
104193,"Papua","Luring",2179.26,734
100542,"Jawa Tengah","Luring",2252.71,430
101507,"Sulawesi Selatan","Daring",465.11,15
104177,"Jawa Barat","Daring",1525.75,889
100260,"Jawa Barat","Daring",713.13,718
103125,"Jawa Tengah","Daring",629.23,283
100820,"Jawa Barat","Luring",926.24,139
100519,"Jawa Barat","Daring",1161.03,35
104641,"Jawa Tengah","Daring",1603.86,823
101686,"Jawa Tengah","Daring",81.25,129
100061,"Sulawesi Selatan","Luring",503.89,393
102544,"Jawa Barat","Daring",1501.81,432
101875,"Sulawesi Selatan","Daring",35.71,239
103579,"Jawa Barat","Luring",1731.3,210
103565,"Papua","Luring",1857.31,128
100531,"Jawa Barat","Daring",1963.73,351
102240,"Papua","Luring",2108.46,163
100937,"Jawa Barat","Daring",738.36,537
102422,"Sulawesi Selatan","Daring",325.11,479
101821,"Jawa Tengah","Daring",333.79,572
104737,"Jawa Tengah","Daring",2076.11,803
102916,"Jawa Tengah","Daring",1026.52,856
101757,"Sulawesi Selatan","Daring",2433.41,850
104548,"Jawa Barat","Luring",370.45,199
102984,"Jawa Barat","Daring",1462.5,41
104052,"Sulawesi Selatan","Daring",1713.41,148
101617,"Jawa Tengah","Luring",1361.79,260
101528,"Jawa Barat","Luring",402.51,632
103468,"Jawa Tengah","Luring",278.7,134
102659,"Jawa Barat","Daring",2242.18,646
101734,"Sulawesi Selatan","Daring",2045.25,740
104669,"Sulawesi Selatan","Luring",1005.51,348
103175,"Jawa Tengah","Luring",1750.32,48
103074,"Sulawesi Selatan","Daring",201.35,422
102274,"Sulawesi Selatan","Daring",572.59,107
101555,"Sulawesi Selatan","Daring",1614.69,685
104957,"Jawa Tengah","Daring",460.22,271
103851,"Jawa Tengah","Daring",879.52,334
104780,"Jawa Barat","Daring",233.49,259
101053,"Jawa Tengah","Daring",2090.69,433
101328,"Papua","Daring",1896.9,658
100783,"Jawa Tengah","Daring",946.02,709
101455,"Jawa Barat","Daring",47.82,782
102723,"Jawa Barat","Daring",1096.49,888
100389,"Jawa Tengah","Daring",829.94,759
103613,"Jawa Barat","Luring",2361.76,690
100703,"Sulawesi Selatan","Luring",852.58,642
102697,"Jawa Tengah","Luring",1699.5,252
100124,"Jawa Tengah","Luring",2170.59,538
102169,"Jawa Barat","Luring",1744.75,194
103705,"Jawa Barat","Luring",14.06,327
103964,"Jawa Barat","Daring",317.62,331
100840,"Papua","Luring",570.06,81
100497,"Jawa Barat","Luring",1068.77,318
102251,"Sulawesi Selatan","Daring",262.02,353
104630,"Jawa Barat","Daring",1280.12,95
104810,"Jawa Barat","Luring",694.83,30
102243,"Papua","Daring",1463.15,547
103719,"Jawa Barat","Daring",568.75,530
102956,"Sulawesi Selatan","Luring",1804.53,66
100487,"Jawa Tengah","Daring",2192.74,630
102612,"Jawa Tengah","Daring",84.73,458
100999,"Jawa Tengah","Luring",1919.34,449
103913,"Jawa Barat","Daring",1559.62,78
100161,"Jawa Barat","Luring",1272.63,15
103011,"Jawa Barat","Luring",1730.71,754
100561,"Jawa Tengah","Daring",846.42,94
100345,"Jawa Barat","Luring",2325.38,384
104656,"Jawa Barat","Luring",1266.09,67
102167,"Jawa Tengah","Daring",1264.27,817
103385,"Jawa Barat","Daring",1057.3,552
102577,"Jawa Tengah","Daring",496.44,799
100420,"Jawa Barat","Luring",164.84,229
100895,"Papua","Luring",542.27,875
103640,"Jawa Barat","Daring",583,561
104180,"Jawa Barat","Daring",1020.05,124
103848,"Jawa Tengah","Luring",460.27,698
100633,"Jawa Barat","Daring",1900.09,159
100684,"Papua","Daring",1700.02,681
100803,"Jawa Tengah","Daring",699.99,499
102207,"Jawa Tengah","Daring",298.61,174
103613,"Sulawesi Selatan","Luring",2239.8,668
102716,"Jawa Tengah","Luring",1210.58,247
103961,"Jawa Tengah","Daring",353.41,806
103165,"Jawa Barat","Daring",1875.18,401
104154,"Jawa Tengah","Daring",2437.21,748
103941,"Sulawesi Selatan","Luring",2211.4,154
104665,"Jawa Barat","Daring",31.76,877
103521,"Sulawesi Selatan","Daring",338.16,257
102617,"Jawa Barat","Daring",1279.46,602
102590,"Sulawesi Selatan","Daring",1756.02,374
100089,"Jawa Tengah","Daring",617.03,163
104979,"Jawa Barat","Luring",655.29,402
100501,"Jawa Tengah","Daring",1134.02,276
102359,"Jawa Barat","Daring",15.9,701
103888,"Papua","Luring",686.82,21
100209,"Jawa Barat","Daring",711.7,830
100847,"Jawa Barat","Daring",1564.5,229
100872,"Jawa Barat","Daring",2209.4,462
101231,"Jawa Barat","Luring",1809.38,680
101761,"Jawa Tengah","Luring",1793.04,290
102823,"Jawa Barat","Luring",348.15,834
104033,"Jawa Barat","Luring",829.97,129
104725,"Papua","Luring",2077.09,477
100382,"Jawa Barat","Daring",1247.85,851
100001,"Jawa Barat","Daring",2196.91,831
100435,"Jawa Barat","Daring",694.43,770
102845,"Sulawesi Selatan","Daring",1088.12,543
101939,"Jawa Tengah","Daring",1221.03,184
100941,"Papua","Luring",775.62,123
103654,"Jawa Barat","Luring",1597.47,322
101666,"Sulawesi Selatan","Daring",130.08,16
103869,"Sulawesi Selatan","Daring",384.77,735
100320,"Jawa Tengah","Daring",1138.32,516
101849,"Jawa Tengah","Luring",1519.79,174
101876,"Sulawesi Selatan","Luring",2480.55,460
100935,"Papua","Daring",456.8,828
103420,"Sulawesi Selatan","Daring",1616.32,679
104930,"Jawa Tengah","Luring",2135.52,411
103219,"Papua","Luring",2039.17,418
103382,"Jawa Barat","Daring",468.98,651
102581,"Papua","Daring",2097.69,63
102686,"Jawa Tengah","Luring",164.28,766
103126,"Jawa Barat","Daring",1013.15,359
103592,"Jawa Barat","Daring",1303.23,753
102186,"Sulawesi Selatan","Luring",1670.14,889
101133,"Jawa Barat","Daring",1422.06,685
104783,"Sulawesi Selatan","Daring",2386.79,94
102945,"Sulawesi Selatan","Daring",1029.59,698
101648,"Jawa Barat","Luring",2077.6,191
103405,"Jawa Barat","Luring",1214.96,395
100572,"Papua","Luring",1011.94,121
101174,"Jawa Barat","Daring",538.39,658
103906,"Papua","Luring",2482.23,866
101990,"Jawa Tengah","Luring",1152.93,572
102125,"Sulawesi Selatan","Luring",602.53,207
103572,"Jawa Tengah","Daring",2296.64,453
103221,"Jawa Barat","Daring",2034.41,290
100294,"Jawa Barat","Luring",1999.33,516
102787,"Jawa Tengah","Daring",2338.77,370
104373,"Sulawesi Selatan","Daring",2247.02,88
103408,"Sulawesi Selatan","Luring",1453.72,820
102124,"Jawa Barat","Daring",383.98,653
102522,"Jawa Barat","Luring",151.22,513
101398,"Jawa Barat","Luring",1053.04,851
101809,"Jawa Tengah","Daring",306.9,493
101108,"Jawa Tengah","Daring",135.99,778
104063,"Jawa Tengah","Daring",1281.11,482
104712,"Sulawesi Selatan","Daring",2172.83,866
103471,"Jawa Barat","Daring",838.86,400
101786,"Papua","Luring",621.35,514
102970,"Sulawesi Selatan","Luring",2355.06,430
102587,"Jawa Barat","Daring",810.48,697
101954,"Jawa Tengah","Luring",2462.67,154
101368,"Jawa Tengah","Daring",939.22,541
103797,"Jawa Tengah","Daring",413.71,708
100893,"Jawa Tengah","Luring",2062.43,350
102113,"Jawa Tengah","Daring",497.11,849
103595,"Jawa Barat","Luring",238.8,57
102348,"Jawa Tengah","Luring",2332.82,406
102359,"Jawa Barat","Daring",1795.04,298
100395,"Papua","Daring",2005.62,578
102865,"Jawa Barat","Daring",702.63,342
104640,"Sulawesi Selatan","Luring",2345.09,661
101245,"Papua","Daring",1578.73,711
103445,"Jawa Tengah","Daring",511.99,303
104193,"Jawa Barat","Luring",1026.09,93
101690,"Jawa Tengah","Daring",2053.1,44
103505,"Jawa Tengah","Daring",1461.33,858
101658,"Jawa Tengah","Daring",2476.59,479
103304,"Sulawesi Selatan","Daring",1927.41,838
102568,"Papua","Daring",47.06,629
103358,"Jawa Tengah","Daring",310.51,279
102286,"Sulawesi Selatan","Daring",1490.49,877
104446,"Sulawesi Selatan","Daring",51.53,440
103276,"Jawa Tengah","Luring",32.8,874
103933,"Jawa Barat","Luring",948.33,899
100744,"Jawa Barat","Daring",1066.48,171
101529,"Sulawesi Selatan","Luring",528.63,19
104170,"Jawa Tengah","Daring",683.74,81
103252,"Jawa Barat","Luring",2231.23,652
103033,"Sulawesi Selatan","Luring",2131.45,213
102568,"Sulawesi Selatan","Luring",620.32,112
104608,"Sulawesi Selatan","Luring",2076.02,146
104807,"Jawa Barat","Daring",1624.17,209
103561,"Jawa Barat","Luring",794.48,156
100480,"Sulawesi Selatan","Daring",128.07,749
102861,"Sulawesi Selatan","Luring",2375.82,819
103019,"Sulawesi Selatan","Daring",1478.04,604
101063,"Jawa Barat","Daring",1845.42,882
101061,"Jawa Barat","Daring",2361.77,147
101093,"Sulawesi Selatan","Luring",2007.35,422
100200,"Sulawesi Selatan","Luring",1357.35,870
104791,"Jawa Barat","Daring",131.19,146
101581,"Jawa Barat","Daring",1281.18,124
101852,"Jawa Tengah","Daring",2444.87,300
100785,"Papua","Luring",1445.28,281
103749,"Jawa Barat","Daring",1365.81,886
102604,"Jawa Barat","Daring",307.1,566
104553,"Papua","Luring",2149.33,618
103265,"Jawa Barat","Luring",158.23,355
102762,"Jawa Barat","Daring",2033.94,722
102700,"Jawa Tengah","Luring",1448.28,512
103107,"Jawa Tengah","Daring",2210.96,791
102489,"Sulawesi Selatan","Luring",1204.45,687
102917,"Sulawesi Selatan","Daring",1341.14,875
103773,"Jawa Tengah","Daring",294.74,504
101577,"Jawa Tengah","Luring",2189.16,80
101575,"Sulawesi Selatan","Daring",184.8,696
103188,"Jawa Barat","Luring",800.98,722
100019,"Sulawesi Selatan","Daring",481.8,53
104835,"Jawa Barat","Luring",273.05,290
104350,"Jawa Barat","Luring",186.28,475
103687,"Jawa Tengah","Luring",698.24,457
102272,"Papua","Daring",2077.16,95
100907,"Jawa Barat","Luring",2325.34,632
103848,"Jawa Barat","Daring",187.82,326
103109,"Jawa Barat","Luring",2234.45,140
103528,"Sulawesi Selatan","Luring",1678,746
103931,"Jawa Barat","Daring",2354.43,650
102219,"Jawa Barat","Daring",2368.25,33
102546,"Sulawesi Selatan","Luring",2496.41,544
103734,"Sulawesi Selatan","Luring",2454.39,885
101381,"Papua","Luring",2063.71,8
100497,"Jawa Barat","Daring",2476.24,115
103081,"Jawa Tengah","Luring",121.42,757
103428,"Jawa Tengah","Daring",1983.43,300
101494,"Jawa Barat","Daring",707.13,19
104490,"Sulawesi Selatan","Luring",2021.74,442
101305,"Sulawesi Selatan","Luring",1323.59,209
104686,"Papua","Luring",1035.55,747
104540,"Jawa Barat","Luring",2363.08,142
101592,"Jawa Barat","Luring",366.42,277
104100,"Jawa Tengah","Luring",2459.74,409
101923,"Sulawesi Selatan","Daring",1337.86,484
103881,"Jawa Tengah","Daring",2052.67,750
104286,"Jawa Barat","Luring",1176.05,402
100906,"Papua","Daring",583.58,210
101470,"Sulawesi Selatan","Daring",2171.57,672
104378,"Jawa Barat","Daring",1384.49,880
103536,"Jawa Barat","Daring",1262.58,733
103304,"Jawa Barat","Daring",1366.99,380
102031,"Sulawesi Selatan","Luring",719.67,810
101662,"Jawa Barat","Daring",1094,616
101236,"Sulawesi Selatan","Luring",1258.84,45
104599,"Sulawesi Selatan","Daring",438.23,550
102616,"Sulawesi Selatan","Luring",1984.13,666
104125,"Jawa Tengah","Luring",574.82,226
102198,"Jawa Barat","Luring",907.37,522
104080,"Jawa Barat","Daring",1878.84,549
101693,"Jawa Tengah","Daring",273.19,471
100812,"Jawa Barat","Daring",718.14,187
101395,"Jawa Barat","Daring",506.53,173
100523,"Sulawesi Selatan","Daring",1628.06,701
103793,"Jawa Barat","Daring",291.55,268
102422,"Sulawesi Selatan","Daring",73.64,187
104813,"Jawa Barat","Luring",2444.84,275
101468,"Jawa Tengah","Daring",430.67,808
101735,"Jawa Barat","Daring",2409.6,693
101106,"Jawa Barat","Daring",1480.57,536
100591,"Sulawesi Selatan","Daring",2002.99,196
100134,"Sulawesi Selatan","Luring",2161.44,67
100918,"Jawa Barat","Luring",589.09,664
104856,"Papua","Luring",633.57,892
102892,"Jawa Barat","Daring",1847.08,219
103489,"Sulawesi Selatan","Daring",263.24,776
102532,"Jawa Barat","Daring",2236.02,315
101276,"Jawa Barat","Daring",2355.01,28
100699,"Sulawesi Selatan","Daring",1874.8,767
104731,"Jawa Barat","Daring",2356.76,478
102948,"Jawa Barat","Daring",2022.42,822
102097,"Jawa Barat","Daring",1685.77,133
102302,"Sulawesi Selatan","Daring",37.6,845
102774,"Sulawesi Selatan","Daring",1578.84,323
103115,"Jawa Tengah","Daring",562.51,499
103324,"Jawa Tengah","Daring",2067.64,532
102277,"Jawa Tengah","Luring",358.94,241
103179,"Jawa Barat","Luring",1987.61,350
100359,"Jawa Barat","Daring",1160.03,479
103641,"Sulawesi Selatan","Luring",1142.07,547
104581,"Jawa Barat","Luring",97.32,72
102962,"Jawa Barat","Daring",1915.23,63
104572,"Sulawesi Selatan","Daring",1961.76,24
102547,"Jawa Tengah","Luring",1281.28,350
102583,"Jawa Tengah","Daring",1366.34,430
101368,"Papua","Daring",1228.76,788
104699,"Jawa Barat","Daring",2199.52,141
100191,"Jawa Tengah","Daring",90.99,553
104105,"Jawa Barat","Luring",136.14,373
101382,"Jawa Barat","Daring",902.23,743
100795,"Sulawesi Selatan","Daring",2414.45,481
103517,"Jawa Tengah","Luring",27.97,488
103998,"Jawa Tengah","Daring",2390.47,282
103727,"Jawa Barat","Daring",612.25,621
100663,"Jawa Barat","Daring",494.76,872
103040,"Papua","Luring",1494.08,10
101840,"Jawa Barat","Luring",2428.01,124
101040,"Jawa Barat","Luring",737.84,815
103435,"Jawa Barat","Daring",2325.83,576
104362,"Papua","Luring",1400.56,204
104548,"Jawa Tengah","Daring",1754.94,570
104708,"Jawa Barat","Luring",1658.03,534
101109,"Jawa Barat","Luring",1802.77,128
101281,"Jawa Tengah","Daring",1780.13,36
102966,"Jawa Tengah","Daring",1616.65,369
104616,"Jawa Tengah","Daring",447.48,732
104420,"Jawa Tengah","Luring",1278.79,360
103519,"Jawa Barat","Daring",878.73,405
102575,"Sulawesi Selatan","Daring",1996.33,847
100097,"Jawa Tengah","Daring",1997.78,640
100181,"Sulawesi Selatan","Daring",2074.16,400
102714,"Papua","Daring",764.65,265
104120,"Jawa Tengah","Daring",534,899
100311,"Sulawesi Selatan","Luring",2114.28,874
103663,"Jawa Tengah","Luring",1008.29,848
102448,"Sulawesi Selatan","Luring",997.09,106
104126,"Papua","Luring",1979,176
101475,"Jawa Barat","Daring",906.61,51
102397,"Jawa Tengah","Daring",1718.7,676
101008,"Jawa Barat","Daring",1534.57,618
104445,"Jawa Tengah","Daring",1741.3,788
104304,"Jawa Barat","Luring",45.72,738
102838,"Jawa Barat","Daring",386.6,107
102813,"Jawa Tengah","Daring",2382.19,159
102596,"Sulawesi Selatan","Daring",492.34,734
100039,"Jawa Tengah","Luring",2346.6,285
102335,"Jawa Barat","Luring",1904.19,191
101693,"Jawa Barat","Luring",1247.96,217
104948,"Jawa Barat","Luring",235.99,132
103541,"Jawa Barat","Daring",2263.18,656
103984,"Jawa Barat","Luring",1793.33,302
103411,"Jawa Barat","Daring",679.86,782
100040,"Jawa Tengah","Luring",1905.81,454
101865,"Jawa Tengah","Luring",862.99,621
101625,"Papua","Daring",2400.79,184
103776,"Sulawesi Selatan","Luring",261.12,564
103888,"Sulawesi Selatan","Daring",1199.2,763
104289,"Jawa Tengah","Luring",2131.01,729
101327,"Jawa Tengah","Luring",487.25,244
102429,"Jawa Tengah","Daring",668.47,758
101019,"Sulawesi Selatan","Luring",594.95,502
102918,"Jawa Barat","Luring",896.81,353
101093,"Jawa Tengah","Daring",1996.26,793
103385,"Sulawesi Selatan","Daring",841.19,729
103194,"Jawa Tengah","Daring",1146.61,484
104476,"Jawa Tengah","Luring",2423.47,413
101494,"Jawa Barat","Daring",2316.35,825
102630,"Sulawesi Selatan","Daring",2262.4,869
102481,"Jawa Barat","Daring",1754.75,626
103980,"Jawa Barat","Luring",1562.13,345
102235,"Sulawesi Selatan","Daring",1273.6,58
104370,"Papua","Luring",1522.21,126
102200,"Papua","Daring",2450.9,18
104019,"Jawa Barat","Daring",176.1,858
101495,"Jawa Barat","Daring",2187.98,306
104361,"Jawa Tengah","Daring",812.66,759
101078,"Jawa Tengah","Luring",1829.04,200
102685,"Jawa Barat","Luring",1879.29,444
104685,"Jawa Tengah","Daring",2034.85,460
102079,"Jawa Tengah","Daring",296.49,359
104062,"Papua","Daring",1456.33,849
102713,"Papua","Daring",418.9,132
102769,"Jawa Tengah","Daring",945.69,357
103606,"Jawa Tengah","Daring",205.98,239
102777,"Jawa Barat","Daring",2492.61,132
100535,"Jawa Tengah","Daring",1538.01,460
102953,"Jawa Barat","Daring",763.85,682
100922,"Jawa Tengah","Daring",1635.45,300
104838,"Jawa Barat","Luring",142.13,19
103847,"Sulawesi Selatan","Luring",2297.3,743
101795,"Papua","Luring",941.48,267
104315,"Jawa Barat","Luring",2046.02,738
100623,"Papua","Daring",1994.85,146
104866,"Jawa Barat","Daring",1298.05,734
102650,"Jawa Barat","Daring",71.89,543
101069,"Papua","Luring",1251.11,25
103568,"Sulawesi Selatan","Luring",1810.78,246
104674,"Jawa Barat","Luring",506.38,836
102762,"Sulawesi Selatan","Daring",1111,665
102580,"Sulawesi Selatan","Daring",1482.76,325
101697,"Jawa Barat","Luring",2153.83,837
100201,"Jawa Barat","Daring",832.61,765
104029,"Jawa Barat","Luring",654.12,627
101331,"Sulawesi Selatan","Luring",2474.77,858
104680,"Sulawesi Selatan","Daring",1981.81,723
101713,"Jawa Tengah","Luring",1209.24,103
102607,"Jawa Barat","Daring",241.32,431
102203,"Jawa Barat","Daring",2483,77
104844,"Sulawesi Selatan","Luring",646.04,293
103498,"Sulawesi Selatan","Daring",942.81,189
100399,"Jawa Barat","Luring",204.69,829
101604,"Jawa Barat","Daring",980.26,787
101063,"Jawa Barat","Daring",1082.85,146
101843,"Jawa Tengah","Daring",1474.79,48
104353,"Papua","Daring",1380.94,438
102755,"Jawa Barat","Daring",837.84,633
101420,"Jawa Tengah","Luring",2106.84,645
104879,"Jawa Barat","Luring",565.38,349
104380,"Jawa Barat","Daring",1510.2,565
101910,"Jawa Barat","Luring",140.75,403
101270,"Jawa Barat","Daring",2301.52,183
100660,"Jawa Barat","Daring",915.55,237
104451,"Jawa Tengah","Daring",783.28,225
101886,"Jawa Tengah","Daring",1810.86,522
101760,"Sulawesi Selatan","Daring",726.61,298
104930,"Jawa Tengah","Luring",2058.77,848
102435,"Sulawesi Selatan","Luring",1557.37,126
100567,"Jawa Tengah","Daring",100.84,177
103198,"Jawa Tengah","Daring",1534.61,339
101225,"Jawa Tengah","Daring",550.34,467
100534,"Jawa Barat","Luring",1794.26,710
103087,"Jawa Barat","Daring",542.81,551
102417,"Jawa Barat","Daring",713.31,33
102975,"Papua","Daring",1400.43,98
102544,"Jawa Barat","Luring",2321.03,90
103658,"Jawa Barat","Daring",848.71,72
104464,"Papua","Luring",2226.71,370
103360,"Jawa Barat","Daring",780.8,266
100737,"Sulawesi Selatan","Daring",2407.3,539
102347,"Sulawesi Selatan","Daring",316.03,614
104499,"Sulawesi Selatan","Daring",2439.14,856
104893,"Jawa Barat","Daring",899.47,412
102314,"Jawa Tengah","Luring",529.47,691
101034,"Jawa Tengah","Daring",478.57,601
101782,"Sulawesi Selatan","Daring",887.19,604
103450,"Jawa Tengah","Luring",479.06,295
104115,"Jawa Barat","Daring",331.4,383
100187,"Jawa Barat","Daring",670.76,17
103096,"Jawa Tengah","Daring",153.35,199
103139,"Jawa Barat","Luring",1987.79,651
104058,"Papua","Luring",2131.54,325
100227,"Sulawesi Selatan","Daring",2217.24,518
104736,"Jawa Barat","Daring",2264.21,831
100180,"Jawa Tengah","Daring",1269.14,43
102393,"Papua","Daring",783.91,71
100866,"Jawa Tengah","Daring",2068.18,836
100200,"Jawa Tengah","Daring",1612.57,56
101412,"Papua","Luring",1649.38,763
101524,"Sulawesi Selatan","Luring",1705.06,400
104099,"Jawa Tengah","Daring",795.3,424
102073,"Jawa Tengah","Daring",166.08,354
104065,"Papua","Daring",1835.21,560
102665,"Sulawesi Selatan","Daring",1078.67,354
100939,"Sulawesi Selatan","Daring",1983.6,750
100302,"Jawa Tengah","Daring",1423.8,60
100471,"Jawa Barat","Daring",2027.98,8
101197,"Jawa Barat","Luring",1492.23,574
103024,"Jawa Barat","Daring",2082.2,368
101599,"Jawa Barat","Daring",1493.08,434
100336,"Jawa Tengah","Daring",2120.77,696
102066,"Jawa Tengah","Daring",1126.66,763
100096,"Sulawesi Selatan","Luring",1930.2,728
101315,"Sulawesi Selatan","Daring",1803.34,45
101183,"Jawa Barat","Luring",1992.38,62
101523,"Sulawesi Selatan","Daring",1157.73,187
102686,"Sulawesi Selatan","Luring",908.86,183
104807,"Jawa Tengah","Luring",783.16,420
104986,"Jawa Barat","Luring",1202.95,327
102142,"Jawa Tengah","Daring",1069.47,372
104651,"Jawa Barat","Luring",1169.68,624
100488,"Jawa Tengah","Luring",11.13,223
103902,"Jawa Barat","Luring",1664.98,885
100711,"Jawa Tengah","Daring",2313.77,13
102495,"Jawa Tengah","Luring",678.77,799
102551,"Jawa Tengah","Daring",1047.17,364
100156,"Jawa Barat","Luring",940.3,174
104845,"Jawa Tengah","Daring",926,565
101631,"Jawa Tengah","Daring",549.75,260
103644,"Jawa Tengah","Daring",1157.01,220
102635,"Papua","Daring",1000.76,191
100501,"Jawa Tengah","Luring",1949.45,430
104348,"Jawa Barat","Daring",2387.99,633
102396,"Jawa Barat","Luring",61.4,587
100932,"Jawa Barat","Luring",650.9,777
101098,"Jawa Tengah","Daring",1224.12,801
104127,"Sulawesi Selatan","Luring",466.4,76
100630,"Jawa Tengah","Luring",267.98,169
101369,"Jawa Barat","Daring",1839.82,47
102677,"Papua","Luring",1337.8,750
104381,"Jawa Barat","Daring",233.58,856
104963,"Jawa Tengah","Daring",209.84,551
104815,"Papua","Daring",1778.67,884
104608,"Jawa Barat","Daring",1012.19,864
100473,"Jawa Barat","Luring",362.91,608
100408,"Jawa Barat","Daring",516.53,98
103730,"Sulawesi Selatan","Luring",1700.86,88
103276,"Jawa Tengah","Daring",1596.28,375
102072,"Jawa Barat","Daring",2404.39,525
103644,"Jawa Barat","Daring",647.28,46
103829,"Jawa Tengah","Daring",2158.04,475
104087,"Jawa Barat","Luring",890.96,883
104899,"Sulawesi Selatan","Luring",2134.81,299
103349,"Jawa Barat","Luring",277.08,500
104589,"Jawa Barat","Daring",512.41,349
104676,"Jawa Barat","Luring",966.45,371
102722,"Jawa Barat","Luring",2311.5,258
100511,"Sulawesi Selatan","Daring",1978.95,686
104868,"Sulawesi Selatan","Daring",482.41,161
103940,"Sulawesi Selatan","Luring",617.21,161
100856,"Jawa Tengah","Daring",1215.42,457
101828,"Jawa Barat","Daring",942.26,582
103764,"Jawa Tengah","Luring",2415.15,720
101530,"Jawa Tengah","Luring",592.6,528
102201,"Jawa Barat","Daring",2091.82,265
104298,"Jawa Barat","Daring",2157.75,711
103528,"Jawa Tengah","Luring",2227.99,233
104914,"Sulawesi Selatan","Daring",1431.58,319
101084,"Sulawesi Selatan","Luring",176.92,578
103279,"Jawa Barat","Daring",451,559
104922,"Jawa Tengah","Daring",1302.4,333
103905,"Sulawesi Selatan","Luring",1234.47,525
100159,"Papua","Daring",276.73,226
101673,"Jawa Barat","Daring",318.91,265
103288,"Jawa Tengah","Luring",2051.31,275
103000,"Jawa Tengah","Luring",1890.5,460
100774,"Jawa Barat","Luring",2397.02,444
100418,"Jawa Barat","Daring",2325.24,651
102141,"Jawa Tengah","Daring",167.79,294
102874,"Jawa Barat","Luring",378.3,562
104615,"Papua","Daring",1247.95,96
104656,"Sulawesi Selatan","Daring",598.49,648
102345,"Jawa Tengah","Daring",93.22,289
104603,"Papua","Daring",213.19,250
103370,"Papua","Luring",2425.22,163
102255,"Jawa Tengah","Daring",779.15,48
100234,"Jawa Tengah","Daring",451.44,656
102791,"Sulawesi Selatan","Luring",1786.45,484
100067,"Jawa Tengah","Daring",595.9,443
100408,"Sulawesi Selatan","Daring",702.68,212
100979,"Jawa Tengah","Daring",185.58,488
100094,"Jawa Barat","Daring",90.48,128
103964,"Jawa Tengah","Luring",1863.52,212
103633,"Jawa Barat","Daring",513.39,848
100129,"Sulawesi Selatan","Luring",98.78,249
101077,"Jawa Tengah","Luring",67.16,821
103170,"Jawa Tengah","Luring",1996.68,300
102671,"Jawa Tengah","Daring",1336.09,719
104026,"Sulawesi Selatan","Luring",395.81,821
103692,"Jawa Tengah","Daring",379.09,557
101061,"Jawa Barat","Daring",1961.72,182
104635,"Jawa Barat","Daring",95.43,462
100756,"Papua","Luring",62.02,888
104508,"Jawa Barat","Luring",1831.71,535
104881,"Jawa Barat","Daring",132.53,343
104160,"Papua","Daring",699.35,647
102977,"Jawa Tengah","Luring",1371.29,251
101838,"Jawa Barat","Daring",1449.67,347
101955,"Jawa Tengah","Daring",281.52,594
104318,"Sulawesi Selatan","Daring",1579.84,603
101140,"Jawa Barat","Daring",1072.82,186
100965,"Jawa Barat","Daring",1972.43,141
102197,"Jawa Barat","Luring",1931.27,416
100921,"Sulawesi Selatan","Daring",1987.07,436
102339,"Jawa Barat","Luring",486.95,461
100540,"Jawa Barat","Daring",788.58,290
103664,"Jawa Tengah","Luring",2025.51,755
102576,"Sulawesi Selatan","Luring",50.06,381
103000,"Jawa Tengah","Daring",491.54,30
103641,"Sulawesi Selatan","Daring",560.89,374
101928,"Jawa Barat","Daring",2010.74,229
104329,"Jawa Tengah","Daring",441.51,699
102002,"Jawa Tengah","Daring",1972.09,303
104249,"Jawa Barat","Daring",297.14,257
101456,"Papua","Daring",1629.21,441
102833,"Jawa Barat","Daring",654.98,585
102141,"Papua","Luring",1875.67,398
101871,"Jawa Barat","Luring",1176.08,750
100973,"Papua","Daring",1961.21,762
102535,"Jawa Barat","Daring",952.27,831
102420,"Jawa Barat","Daring",438.95,712
103550,"Jawa Tengah","Luring",198.06,513
103377,"Papua","Luring",2448.29,222
104339,"Jawa Tengah","Daring",1538.47,385
104032,"Sulawesi Selatan","Daring",2149.23,525
101279,"Sulawesi Selatan","Luring",1044.4,27
102846,"Jawa Barat","Daring",618.58,508
100643,"Jawa Tengah","Daring",2022.33,517
104548,"Jawa Tengah","Daring",1043.02,666
100128,"Jawa Barat","Daring",464.7,674
100927,"Jawa Barat","Luring",2256.31,260
100476,"Jawa Tengah","Daring",1215.6,525
101403,"Jawa Tengah","Daring",910,176
101178,"Jawa Tengah","Daring",1039.17,181
103937,"Sulawesi Selatan","Daring",1134.85,599
101435,"Jawa Barat","Luring",547.97,685
102222,"Sulawesi Selatan","Daring",1222.63,100
102991,"Jawa Tengah","Daring",213.27,492
102329,"Jawa Barat","Luring",1103.32,450
101014,"Jawa Tengah","Daring",1507.75,268
104493,"Jawa Barat","Luring",156.26,534
101942,"Jawa Tengah","Daring",1140.04,338
103099,"Jawa Tengah","Luring",156.81,856
100758,"Jawa Barat","Luring",1606.14,812
102904,"Jawa Barat","Luring",1428.51,169
100664,"Jawa Barat","Daring",1407.44,369
103015,"Papua","Luring",2202.71,642
101847,"Jawa Barat","Daring",863.24,471
100775,"Sulawesi Selatan","Daring",609.93,201
100414,"Jawa Barat","Luring",2478.77,138
104108,"Sulawesi Selatan","Daring",2285.85,221
101181,"Jawa Barat","Daring",1368.73,670
103500,"Sulawesi Selatan","Daring",2278.46,289
104962,"Jawa Tengah","Daring",1630.74,69
100081,"Jawa Barat","Luring",1891.53,170
102868,"Jawa Tengah","Daring",968.04,39
100760,"Sulawesi Selatan","Daring",1918.05,331
101340,"Sulawesi Selatan","Daring",1604.68,204
102112,"Jawa Tengah","Luring",1093.56,734
102397,"Jawa Tengah","Daring",1257.34,183
102229,"Jawa Barat","Luring",837.19,769
103779,"Sulawesi Selatan","Luring",219.91,393
104228,"Jawa Barat","Luring",543.98,110
103099,"Jawa Barat","Luring",1251.99,315
101744,"Jawa Barat","Daring",539.04,145
102085,"Jawa Barat","Luring",1530.47,185
103690,"Sulawesi Selatan","Luring",1858.4,31
100383,"Sulawesi Selatan","Luring",1065.1,467
103504,"Jawa Tengah","Daring",1954.48,88
101942,"Jawa Barat","Luring",1678.66,270
101074,"Jawa Barat","Luring",1371.58,30
104375,"Sulawesi Selatan","Daring",326.37,701
101138,"Jawa Tengah","Luring",2398.37,257
102704,"Jawa Barat","Luring",1376.86,506
103436,"Papua","Luring",963.81,694
103249,"Sulawesi Selatan","Daring",1202.36,179
103928,"Papua","Daring",788.32,497
102638,"Sulawesi Selatan","Daring",205.19,644
103064,"Papua","Luring",1919.15,411
103623,"Jawa Barat","Daring",988.85,413
102990,"Jawa Tengah","Daring",382.84,779
104842,"Jawa Tengah","Daring",2282.83,522
101559,"Jawa Tengah","Luring",306.68,500
103515,"Jawa Barat","Daring",1883.71,469
100676,"Sulawesi Selatan","Daring",985.04,16
100344,"Jawa Barat","Luring",1238.74,477
103648,"Papua","Daring",91.07,318
103152,"Sulawesi Selatan","Daring",1785.51,538
100520,"Jawa Tengah","Daring",178.76,523
101709,"Jawa Tengah","Luring",662.9,814
102662,"Jawa Tengah","Daring",80.55,423
102711,"Jawa Tengah","Daring",510.15,873
101189,"Jawa Barat","Luring",1469.58,739
101305,"Jawa Barat","Daring",215.08,475
101386,"Sulawesi Selatan","Luring",1048.02,81
104472,"Jawa Tengah","Daring",697.36,220
102560,"Jawa Barat","Daring",1515.8,868
102481,"Jawa Barat","Daring",513.3,318
104751,"Jawa Barat","Daring",1190.29,667
103492,"Jawa Tengah","Daring",1670.18,399
101781,"Jawa Barat","Daring",2452.88,753
101651,"Jawa Barat","Luring",1612.75,69
100410,"Sulawesi Selatan","Luring",695.61,238
104965,"Jawa Tengah","Luring",1967.42,166
100997,"Jawa Barat","Daring",1805.4,371
102225,"Jawa Tengah","Luring",781.13,578
101492,"Jawa Tengah","Daring",954.41,825
103365,"Jawa Tengah","Luring",2490.7,415
101925,"Jawa Tengah","Daring",1523.13,75
101853,"Papua","Daring",1843.65,679
102565,"Jawa Barat","Luring",442.58,180
101530,"Jawa Tengah","Daring",1043.34,700
102749,"Jawa Barat","Luring",2405.07,373
102611,"Jawa Barat","Daring",682.01,814
103506,"Jawa Tengah","Luring",1525.3,289
104470,"Jawa Tengah","Daring",1371.29,205
100347,"Sulawesi Selatan","Daring",1176.29,565
104704,"Jawa Barat","Daring",1890.68,8
103010,"Papua","Daring",353.67,284
102163,"Jawa Tengah","Daring",260.64,114
102454,"Jawa Tengah","Daring",2351.96,400
102544,"Jawa Barat","Daring",2382.65,393
102306,"Jawa Tengah","Daring",932.27,503
104383,"Jawa Tengah","Daring",2043.27,53
103819,"Sulawesi Selatan","Daring",1836.99,549
104688,"Sulawesi Selatan","Daring",663.67,170
101420,"Jawa Tengah","Luring",2238.78,258
101757,"Jawa Tengah","Luring",602.05,89
104715,"Jawa Tengah","Daring",1888.71,636
102184,"Jawa Tengah","Daring",1864.26,339
100122,"Papua","Daring",751.24,520
104405,"Jawa Tengah","Daring",1763.16,721
102584,"Jawa Barat","Luring",932,295
103232,"Papua","Daring",1648.16,549
101219,"Jawa Tengah","Daring",668.55,103
100933,"Papua","Daring",312.52,361
102172,"Jawa Barat","Daring",1396.47,753
103917,"Jawa Tengah","Daring",1153.34,416
100978,"Jawa Barat","Luring",1681.03,672
100015,"Jawa Barat","Daring",1298.28,327
104728,"Jawa Tengah","Daring",2096.4,808
104106,"Papua","Daring",1972.26,823
102984,"Jawa Barat","Daring",869.85,439
103428,"Sulawesi Selatan","Daring",1239.44,375
100584,"Jawa Tengah","Daring",325.55,119
103497,"Jawa Tengah","Daring",1888.43,41
101121,"Jawa Barat","Luring",746.55,445
103664,"Jawa Tengah","Luring",1534.84,377
101794,"Jawa Tengah","Daring",1625.8,783
101813,"Jawa Barat","Luring",1244.96,662
102814,"Sulawesi Selatan","Daring",1795.31,148
102338,"Jawa Tengah","Luring",1087.1,242
101917,"Jawa Barat","Luring",2489.42,408
100930,"Sulawesi Selatan","Daring",2464.24,614
102744,"Jawa Barat","Daring",1115.41,729
100427,"Jawa Barat","Daring",2151.24,641
100448,"Sulawesi Selatan","Daring",208.55,565
103668,"Jawa Barat","Daring",410.89,333
104071,"Jawa Tengah","Luring",776.96,607
100726,"Jawa Tengah","Daring",330.42,461
100775,"Papua","Luring",1735.22,636
104554,"Sulawesi Selatan","Luring",107.11,36
103115,"Jawa Barat","Luring",387.05,490
104430,"Jawa Tengah","Luring",986.04,688
100066,"Jawa Tengah","Luring",962.43,461
101980,"Sulawesi Selatan","Daring",285.25,677
100850,"Jawa Barat","Daring",463.52,130
102841,"Jawa Barat","Luring",1577.46,555
102450,"Jawa Barat","Daring",1124.18,597
104665,"Jawa Tengah","Daring",523.25,859
104472,"Jawa Barat","Daring",12.03,840
102701,"Sulawesi Selatan","Daring",494.37,863
104136,"Sulawesi Selatan","Daring",1286.13,617
103670,"Jawa Barat","Luring",160.47,257
100276,"Papua","Daring",1254.51,265
103818,"Jawa Barat","Luring",1889.93,758
101524,"Jawa Tengah","Daring",1224.94,803
104578,"Jawa Barat","Daring",439.57,728
100895,"Jawa Barat","Daring",2320.33,330
101871,"Jawa Tengah","Luring",2145.44,854
101133,"Sulawesi Selatan","Daring",2265.06,272
102711,"Jawa Barat","Daring",1625.73,785
102361,"Jawa Barat","Luring",120.88,833
101563,"Jawa Tengah","Luring",2088.92,624
102088,"Jawa Tengah","Daring",1105.84,869
100416,"Jawa Barat","Luring",1973.54,147
103522,"Papua","Luring",1736.99,24
100068,"Jawa Barat","Daring",864.21,778
103921,"Jawa Tengah","Daring",1668.7,378
101109,"Jawa Barat","Daring",974.32,538
100831,"Papua","Daring",755.32,632
102620,"Jawa Barat","Daring",1528.69,699
102309,"Papua","Luring",776.57,378
101233,"Jawa Barat","Luring",1703.82,298
101053,"Sulawesi Selatan","Luring",839.86,694
102425,"Jawa Tengah","Luring",1857.88,664
103320,"Jawa Barat","Daring",1976.08,557
102836,"Jawa Barat","Luring",1982.46,545
100021,"Jawa Tengah","Daring",2176.37,187
104263,"Papua","Daring",1021.91,446
101777,"Jawa Barat","Daring",762.43,615
100172,"Jawa Barat","Daring",1504.9,760
104703,"Jawa Barat","Daring",2046.67,262
104925,"Jawa Tengah","Daring",2055.52,370
102760,"Jawa Tengah","Daring",2266.33,172
102731,"Jawa Barat","Daring",1885.03,699
102793,"Jawa Barat","Daring",2180.16,729
104174,"Sulawesi Selatan","Luring",999.56,757
100682,"Jawa Tengah","Luring",282.4,543
100185,"Jawa Tengah","Luring",824.8,150
101983,"Papua","Luring",1368.9,797
104701,"Jawa Tengah","Luring",1446.51,171
101607,"Jawa Barat","Daring",2367.89,140
102693,"Jawa Barat","Luring",2406.32,886
102690,"Jawa Barat","Luring",2015.1,878
101538,"Papua","Luring",663.74,825
100545,"Sulawesi Selatan","Daring",68.1,438
101354,"Jawa Barat","Luring",286.57,836
103431,"Sulawesi Selatan","Luring",1887.8,151
102307,"Jawa Tengah","Daring",1530.9,225
103813,"Jawa Barat","Daring",1413.08,655
101032,"Jawa Tengah","Daring",132.83,408
104228,"Jawa Tengah","Daring",2249.49,542
101280,"Papua","Luring",990.79,800
103477,"Jawa Barat","Luring",1672.13,422
100177,"Jawa Barat","Daring",1916.89,155
102899,"Jawa Barat","Daring",2168.01,649
102004,"Papua","Luring",1670.66,476
103671,"Jawa Tengah","Daring",1088.99,349
100832,"Jawa Tengah","Daring",813.39,698
102047,"Jawa Barat","Daring",1375.52,677
100568,"Jawa Tengah","Daring",2090.64,601
104074,"Jawa Barat","Daring",29.85,733
101165,"Papua","Daring",2347.19,486
100607,"Jawa Barat","Daring",218.82,649
103932,"Papua","Luring",1882.22,533
103746,"Jawa Barat","Daring",1945.17,631
101281,"Jawa Barat","Daring",692.56,42
100041,"Jawa Barat","Daring",1309.49,870
104740,"Jawa Barat","Daring",2291.92,79
104326,"Sulawesi Selatan","Luring",1602.21,267
104925,"Jawa Barat","Daring",199.91,128
100201,"Jawa Barat","Daring",168.62,397
100295,"Jawa Barat","Luring",1074.22,785
100511,"Jawa Barat","Daring",1649.52,846
101416,"Jawa Barat","Daring",2305.62,298
100893,"Sulawesi Selatan","Daring",1547.88,161
102312,"Jawa Tengah","Daring",857.4,538
102750,"Sulawesi Selatan","Daring",1940.05,346
101157,"Sulawesi Selatan","Daring",2043.3,572
100729,"Jawa Tengah","Daring",566.49,293
104563,"Jawa Tengah","Daring",2494.52,382
104710,"Jawa Barat","Luring",1580.66,239
102807,"Jawa Tengah","Daring",379.54,746
102281,"Jawa Barat","Daring",1304.26,36
101019,"Jawa Barat","Luring",630.77,640
101150,"Papua","Daring",596.15,554
101522,"Jawa Barat","Luring",897.4,643
102626,"Papua","Luring",1271.41,396
100694,"Jawa Barat","Daring",855.52,667
103231,"Jawa Barat","Daring",949.72,518
101575,"Sulawesi Selatan","Daring",2006.03,748
103621,"Jawa Tengah","Daring",1469.86,308
104311,"Jawa Tengah","Daring",566.61,731
103147,"Sulawesi Selatan","Daring",339,798
100850,"Papua","Daring",1044.23,702
100219,"Sulawesi Selatan","Daring",860.81,201
103656,"Jawa Tengah","Luring",688.59,570
102474,"Jawa Tengah","Daring",1480.36,500
102000,"Jawa Tengah","Daring",633.87,118
104259,"Jawa Barat","Luring",102.07,717
100250,"Jawa Barat","Daring",970.36,835
101670,"Jawa Barat","Daring",851.51,181
101081,"Jawa Barat","Luring",931.74,293
104546,"Sulawesi Selatan","Daring",2127.57,556
100243,"Jawa Tengah","Daring",588.89,244
103567,"Jawa Barat","Daring",468.18,127
104853,"Jawa Tengah","Daring",1962.19,70
101439,"Jawa Tengah","Daring",680.18,661
102994,"Sulawesi Selatan","Luring",192.56,772
102278,"Jawa Tengah","Daring",1847.19,594
102785,"Jawa Tengah","Luring",211.29,407
100729,"Sulawesi Selatan","Daring",15.91,433
102529,"Sulawesi Selatan","Daring",2352.69,138
104547,"Sulawesi Selatan","Daring",1742.62,310
102980,"Sulawesi Selatan","Luring",1113.75,697
102841,"Sulawesi Selatan","Luring",1844.03,282
101927,"Sulawesi Selatan","Daring",2060.56,596
102768,"Jawa Tengah","Luring",737.07,845
101735,"Jawa Tengah","Luring",352.63,323
101429,"Jawa Tengah","Daring",808.01,624
100940,"Jawa Tengah","Daring",1746.1,24
102080,"Jawa Barat","Daring",1572.09,460
102146,"Jawa Barat","Daring",2122.14,563
104727,"Jawa Barat","Daring",14.22,637
102296,"Jawa Barat","Daring",541.51,894
100076,"Papua","Luring",882.67,168
100844,"Sulawesi Selatan","Luring",322.87,522
102900,"Sulawesi Selatan","Daring",367.82,294
102788,"Papua","Luring",1114.63,12
103256,"Sulawesi Selatan","Luring",2270.66,578
100461,"Jawa Tengah","Luring",1731.17,235
100106,"Jawa Barat","Daring",1603.37,444
102981,"Papua","Daring",109.41,332
102814,"Jawa Tengah","Daring",1911.97,130
102370,"Jawa Barat","Daring",1793.52,215
100568,"Jawa Barat","Luring",1101.49,352
104090,"Jawa Barat","Daring",1289.91,256
100785,"Jawa Barat","Luring",940.07,377
102512,"Jawa Tengah","Luring",979.14,647
104408,"Sulawesi Selatan","Daring",394.49,344
103513,"Jawa Tengah","Daring",619.75,766
100588,"Sulawesi Selatan","Daring",2276.49,895
104626,"Jawa Tengah","Daring",483.83,383
103041,"Jawa Barat","Daring",589.47,564
103139,"Jawa Barat","Daring",1621.6,818
100879,"Jawa Barat","Daring",915.13,522
104031,"Papua","Luring",456.62,37
100770,"Jawa Tengah","Daring",1607.75,112
101833,"Jawa Barat","Luring",1686.97,290
102162,"Jawa Barat","Luring",728.31,687
101470,"Jawa Barat","Luring",521.89,411
100424,"Sulawesi Selatan","Luring",2456.91,826
101936,"Sulawesi Selatan","Daring",544.7,387
104243,"Sulawesi Selatan","Daring",1064.99,398
100879,"Jawa Tengah","Luring",720.36,230
102997,"Jawa Tengah","Daring",105.44,604
102850,"Jawa Barat","Luring",2269.31,277
104659,"Jawa Barat","Daring",1462.06,458
102996,"Sulawesi Selatan","Luring",1766.71,54
101708,"Jawa Barat","Daring",1701.78,176
100794,"Jawa Tengah","Daring",1226.85,569
102627,"Jawa Tengah","Daring",144.86,586
102395,"Jawa Tengah","Daring",1036.84,103
100903,"Sulawesi Selatan","Luring",2233.86,611
103275,"Jawa Tengah","Luring",640.42,739
102801,"Jawa Tengah","Luring",788.3,323
101390,"Jawa Tengah","Daring",862.44,611
100847,"Jawa Barat","Luring",877.01,469
100736,"Jawa Tengah","Luring",153.25,594
103848,"Jawa Barat","Luring",1565.29,652
102724,"Jawa Barat","Luring",619.24,250
102407,"Jawa Tengah","Luring",466.2,332
100437,"Sulawesi Selatan","Daring",2284.28,899
103989,"Jawa Barat","Daring",562.89,63
104462,"Papua","Luring",2099.05,102
100900,"Jawa Barat","Daring",199.51,345
102250,"Jawa Tengah","Luring",732.37,646
101948,"Jawa Tengah","Luring",1991.33,220
100775,"Sulawesi Selatan","Daring",1211.15,486
103456,"Jawa Barat","Daring",1693.21,523
101627,"Jawa Tengah","Luring",678.88,375
100226,"Jawa Barat","Daring",2085.07,545
103853,"Papua","Luring",239.3,563
104318,"Sulawesi Selatan","Daring",1649.69,388
101925,"Jawa Tengah","Luring",1161.57,268
104133,"Papua","Daring",1850.96,687
102309,"Jawa Barat","Luring",1233.56,216
103928,"Jawa Barat","Daring",449.36,323
103633,"Jawa Barat","Daring",561.07,530
103768,"Jawa Tengah","Daring",1881.69,476
104122,"Sulawesi Selatan","Daring",2495.74,503
102094,"Sulawesi Selatan","Luring",1964.53,263
101705,"Jawa Tengah","Daring",762.83,484
104328,"Jawa Tengah","Daring",1080.81,300
103488,"Sulawesi Selatan","Daring",1967.59,225
100585,"Papua","Daring",434.1,508
102422,"Jawa Barat","Daring",2078.87,20
104668,"Sulawesi Selatan","Luring",906.25,492
102941,"Sulawesi Selatan","Luring",308.88,333
101365,"Papua","Luring",921.13,256
103108,"Papua","Daring",388.38,255
103065,"Papua","Luring",235.18,65
103429,"Jawa Tengah","Daring",1117.75,866
100142,"Jawa Tengah","Daring",298.77,561
102915,"Jawa Tengah","Daring",2426.77,836
103333,"Jawa Barat","Daring",624.85,374
101756,"Papua","Luring",1284.3,868
103533,"Jawa Barat","Daring",437.73,251
103159,"Papua","Daring",1041.12,66
103016,"Sulawesi Selatan","Luring",2100.44,677
102875,"Jawa Barat","Daring",1508.05,683
102703,"Sulawesi Selatan","Daring",1250.6,684
103287,"Sulawesi Selatan","Daring",1189.39,74
100752,"Jawa Barat","Daring",1763.84,828
101911,"Jawa Tengah","Daring",1954.3,620
102406,"Jawa Tengah","Daring",1143.86,66
103080,"Jawa Tengah","Luring",2427.49,838
102328,"Jawa Barat","Daring",892.16,478
101888,"Sulawesi Selatan","Daring",2047.32,189
101733,"Sulawesi Selatan","Luring",1726.41,483
102930,"Jawa Barat","Daring",1888.24,19
100127,"Jawa Tengah","Daring",1263.95,21
100982,"Jawa Tengah","Daring",2436.22,405
101304,"Papua","Daring",1822.99,700
104855,"Jawa Tengah","Daring",483.62,331
104304,"Papua","Daring",1236.05,43
102802,"Sulawesi Selatan","Luring",242.19,303
103067,"Jawa Tengah","Luring",404.61,266
102290,"Jawa Tengah","Daring",517.74,817
102131,"Jawa Barat","Daring",2156.91,557
100530,"Sulawesi Selatan","Daring",1078.7,532
101446,"Jawa Barat","Daring",666.66,239
102331,"Papua","Daring",906.78,841
103442,"Jawa Barat","Luring",47.58,24
102927,"Sulawesi Selatan","Luring",2025.46,51
104420,"Papua","Daring",405.69,261
103049,"Papua","Daring",790.06,9
102339,"Jawa Barat","Daring",2377.28,148
102331,"Papua","Luring",875.38,735
100129,"Papua","Daring",767.8,396
102247,"Sulawesi Selatan","Luring",1024.45,161
100821,"Jawa Tengah","Luring",1495.6,372
103299,"Jawa Barat","Luring",1429.53,64
103565,"Jawa Tengah","Luring",375.06,676
104040,"Jawa Barat","Daring",1276.69,507
100438,"Jawa Barat","Daring",2217.8,815
101304,"Sulawesi Selatan","Luring",35.88,696
100676,"Jawa Tengah","Daring",376.49,743
102093,"Jawa Tengah","Luring",895.57,255
104094,"Jawa Barat","Daring",459.8,821
100802,"Sulawesi Selatan","Luring",2017.69,793
101087,"Papua","Luring",580.81,760
101582,"Sulawesi Selatan","Daring",2334.14,881
101488,"Jawa Tengah","Daring",1677.69,333
100609,"Papua","Daring",317.44,818
100937,"Sulawesi Selatan","Luring",590.28,584
101269,"Jawa Tengah","Luring",1090.41,325
100925,"Jawa Tengah","Daring",858.45,861
104275,"Papua","Daring",255.87,893
100581,"Jawa Tengah","Daring",1220.42,589
104066,"Jawa Tengah","Daring",659.63,257
101685,"Jawa Tengah","Daring",1123.44,869
101543,"Papua","Daring",2493.69,792
101081,"Jawa Barat","Luring",638.15,238
102943,"Jawa Barat","Daring",1943.32,545
104515,"Jawa Tengah","Daring",768.49,560
102945,"Jawa Tengah","Luring",2426.44,296
100435,"Jawa Barat","Luring",391.97,803
104912,"Jawa Barat","Luring",1306.57,832
102776,"Jawa Tengah","Daring",260.84,42
100527,"Jawa Barat","Daring",1838.31,424
100564,"Jawa Tengah","Daring",918.2,48
101917,"Jawa Barat","Luring",1918.92,166
101606,"Jawa Tengah","Luring",1919.63,352
102984,"Papua","Daring",144.44,252
103776,"Sulawesi Selatan","Daring",999.31,611
101088,"Jawa Barat","Daring",583.95,326
102020,"Jawa Barat","Daring",239.2,790
102431,"Jawa Barat","Daring",935.69,14
100352,"Jawa Tengah","Daring",2407.78,298
100831,"Jawa Barat","Luring",1603.23,77
101280,"Papua","Luring",687.52,165
102138,"Jawa Barat","Luring",1254.13,498
102308,"Jawa Tengah","Luring",245.15,322
104189,"Sulawesi Selatan","Daring",714.71,585
104722,"Papua","Daring",1923.66,667
102490,"Jawa Tengah","Daring",2095.05,857
103544,"Sulawesi Selatan","Daring",1310.41,606
102644,"Jawa Tengah","Luring",180.41,505
101825,"Jawa Barat","Daring",305.64,228
102324,"Jawa Barat","Daring",1431.6,638
104700,"Sulawesi Selatan","Luring",1938.25,132
100853,"Jawa Tengah","Daring",2228.76,790
103659,"Sulawesi Selatan","Daring",1082.11,853
100054,"Sulawesi Selatan","Daring",644.32,230
104356,"Sulawesi Selatan","Luring",2003.38,731
103163,"Sulawesi Selatan","Luring",2112.19,344
104485,"Jawa Barat","Daring",1625.15,110
100851,"Jawa Barat","Daring",2249.52,320
103320,"Jawa Tengah","Luring",1530.4,575
100021,"Papua","Daring",729.5,337
100690,"Jawa Barat","Daring",2355.87,832
102124,"Sulawesi Selatan","Luring",1667.73,807
102088,"Jawa Barat","Daring",1766.87,69
100706,"Jawa Barat","Daring",1897.57,272
104137,"Jawa Barat","Daring",807.41,322
102531,"Jawa Barat","Daring",191.97,747
100764,"Jawa Tengah","Daring",33.75,310
101827,"Sulawesi Selatan","Luring",1343.27,704
100520,"Jawa Barat","Luring",2443.76,235
102705,"Jawa Barat","Luring",1221.04,330
103154,"Sulawesi Selatan","Luring",2481.88,317
104197,"Jawa Barat","Daring",784.51,73
102846,"Jawa Tengah","Daring",116.86,743
100789,"Jawa Barat","Daring",490.21,625
101178,"Jawa Barat","Daring",2207.03,795
103770,"Jawa Tengah","Luring",175.32,589
102679,"Sulawesi Selatan","Daring",2031.93,733
102236,"Sulawesi Selatan","Luring",2483.17,872
104357,"Jawa Barat","Daring",1708.11,35
101321,"Jawa Barat","Daring",1566.94,98
102730,"Papua","Luring",2002.54,807
101275,"Papua","Luring",1269.11,393
101390,"Jawa Barat","Daring",121.39,297
101504,"Jawa Barat","Luring",1962.98,44
102698,"Jawa Barat","Daring",1827.44,792
101328,"Jawa Barat","Daring",2078.22,529
102486,"Jawa Tengah","Daring",1246.7,227
100473,"Jawa Tengah","Daring",876.92,171
102701,"Jawa Barat","Luring",1799.01,859
101394,"Jawa Tengah","Daring",855.94,548
102527,"Jawa Barat","Daring",488.88,412
103406,"Jawa Barat","Luring",245.2,420
103141,"Jawa Barat","Luring",413.46,576
101832,"Jawa Tengah","Luring",2362.69,164
103989,"Jawa Barat","Daring",2196.3,294
101115,"Jawa Barat","Luring",2061.41,509
101331,"Jawa Barat","Luring",851.59,550
103370,"Jawa Barat","Luring",2089.75,333
101081,"Jawa Barat","Daring",2155.23,871
100912,"Jawa Barat","Luring",952.75,497
104212,"Jawa Tengah","Luring",139.47,212
101193,"Jawa Barat","Luring",2137.7,659
103833,"Sulawesi Selatan","Daring",124.18,816
102988,"Jawa Tengah","Luring",146.55,666
102784,"Jawa Barat","Daring",748.91,362
101511,"Sulawesi Selatan","Daring",312.98,624
101853,"Jawa Tengah","Daring",1669.31,522
102670,"Jawa Barat","Daring",716.21,888
103026,"Jawa Barat","Daring",827.6,705
100640,"Papua","Luring",608.9,680
100672,"Jawa Barat","Luring",584.1,185
101313,"Jawa Barat","Daring",1999.93,641
102890,"Jawa Tengah","Daring",1806.56,883
104185,"Sulawesi Selatan","Daring",1966.6,609
100536,"Papua","Daring",2274.79,694
102228,"Jawa Tengah","Daring",1250.92,117
103546,"Sulawesi Selatan","Daring",1896.14,276
103977,"Sulawesi Selatan","Daring",716.62,400
103754,"Jawa Barat","Daring",1924.78,795
100749,"Jawa Tengah","Luring",1173.5,51
101891,"Sulawesi Selatan","Daring",969.98,569
100835,"Jawa Barat","Luring",2475.26,531
103085,"Papua","Daring",1552.31,225
102351,"Jawa Barat","Luring",449.54,342
101611,"Sulawesi Selatan","Luring",1291.7,117
104044,"Jawa Barat","Daring",2384.75,116
101811,"Jawa Barat","Luring",1047.4,456
100963,"Jawa Tengah","Luring",1793.16,363
103228,"Sulawesi Selatan","Daring",801.17,187
101439,"Jawa Barat","Daring",1988.61,725
104670,"Jawa Tengah","Daring",2368.21,763
103968,"Jawa Tengah","Luring",1576.01,321
103806,"Jawa Barat","Luring",494.66,783
103448,"Jawa Barat","Daring",32.24,725
101220,"Jawa Tengah","Daring",1371.97,237
102095,"Jawa Tengah","Daring",2313.77,221
102244,"Jawa Barat","Daring",1743.7,522
102266,"Sulawesi Selatan","Luring",1419.31,213
101424,"Papua","Luring",783.89,62
103839,"Jawa Barat","Daring",2355.92,81
103859,"Sulawesi Selatan","Daring",2399,775
104830,"Jawa Tengah","Luring",1788.43,784
102896,"Jawa Tengah","Daring",1957.83,84
102684,"Jawa Barat","Daring",496.8,23
103340,"Sulawesi Selatan","Daring",439.4,374
103489,"Jawa Tengah","Daring",1133.99,360
100429,"Jawa Barat","Daring",2161.4,22
102783,"Jawa Barat","Luring",1666.25,540
102918,"Jawa Barat","Luring",1727.96,230
103453,"Jawa Barat","Daring",384.83,707
102738,"Jawa Barat","Daring",481.05,861
103596,"Jawa Tengah","Daring",757.39,744
103115,"Jawa Tengah","Daring",544.74,85
102725,"Jawa Tengah","Luring",1272.5,785
104386,"Jawa Barat","Daring",1021.94,331
103242,"Sulawesi Selatan","Luring",1903.84,346
102268,"Sulawesi Selatan","Luring",2210.2,491
103495,"Jawa Barat","Luring",868.74,321
104346,"Jawa Tengah","Luring",261.48,866
104558,"Jawa Barat","Daring",1073.03,20
102502,"Jawa Tengah","Daring",2462.43,556
104369,"Papua","Daring",2039.07,240
100665,"Jawa Barat","Luring",849.46,370
100238,"Jawa Tengah","Daring",26.18,755
101349,"Jawa Barat","Daring",356.63,22
101381,"Jawa Tengah","Daring",1820.99,61
103956,"Jawa Barat","Daring",882.38,197
104972,"Jawa Tengah","Daring",889.27,394
104367,"Sulawesi Selatan","Daring",1221.49,26
103989,"Jawa Barat","Luring",1517.88,500
100525,"Jawa Tengah","Daring",2121.84,556
100161,"Jawa Barat","Daring",1158.41,750
101034,"Jawa Tengah","Luring",1733.72,748
103115,"Jawa Tengah","Daring",2399.9,345
102067,"Jawa Barat","Luring",36.5,307
102069,"Jawa Barat","Daring",1483.79,735
104724,"Jawa Barat","Daring",1152.68,487
104606,"Jawa Barat","Daring",1686.82,330
103275,"Jawa Barat","Luring",1023.24,736
101394,"Papua","Luring",2427.26,436
100453,"Sulawesi Selatan","Daring",1016.99,777
101714,"Jawa Tengah","Luring",465.75,288
102172,"Jawa Tengah","Daring",498.44,176
104705,"Jawa Barat","Luring",460.68,717
101259,"Jawa Barat","Daring",324.14,835
101277,"Jawa Barat","Daring",80.53,684
104140,"Jawa Tengah","Daring",811.36,762
101474,"Jawa Barat","Luring",58.26,525
104219,"Jawa Barat","Luring",839.01,713
100678,"Papua","Luring",2102.11,381
101322,"Jawa Barat","Luring",1991.43,129
100890,"Jawa Tengah","Luring",1866.7,137
104516,"Jawa Tengah","Daring",1050.89,635
100471,"Jawa Tengah","Luring",2085.08,459
104991,"Jawa Barat","Luring",341.79,83
103362,"Jawa Tengah","Daring",1845.21,572
104530,"Sulawesi Selatan","Luring",1005.87,701
101580,"Jawa Tengah","Luring",1185.78,312
100041,"Jawa Barat","Luring",1439.17,552
104247,"Jawa Barat","Daring",265.44,548
103337,"Papua","Luring",2324.66,219
101704,"Jawa Barat","Daring",259.68,626
101182,"Sulawesi Selatan","Daring",2251.9,330
102584,"Sulawesi Selatan","Luring",521.64,628
104112,"Jawa Barat","Luring",1983.25,775
101163,"Jawa Barat","Daring",1296.42,601
104187,"Papua","Luring",1566.73,602
103384,"Jawa Barat","Luring",813.07,788
100841,"Jawa Tengah","Luring",1053.64,11
104716,"Papua","Daring",1174.56,481
102898,"Papua","Luring",2265.58,519
103042,"Jawa Tengah","Luring",1870.23,749
100987,"Jawa Tengah","Daring",2172.3,453
103935,"Sulawesi Selatan","Daring",1286.34,876
104415,"Jawa Tengah","Luring",481.36,833
102413,"Jawa Barat","Luring",2078.64,809
101736,"Jawa Barat","Luring",1546.22,149
102503,"Sulawesi Selatan","Luring",2327.41,769
103074,"Jawa Barat","Luring",752.05,764
101053,"Jawa Tengah","Daring",1805.32,733
104071,"Sulawesi Selatan","Luring",286.75,474
100848,"Sulawesi Selatan","Daring",2060.67,243
102377,"Jawa Tengah","Luring",312.71,705
100280,"Sulawesi Selatan","Luring",218.98,257
104275,"Jawa Barat","Daring",191.45,5
100893,"Sulawesi Selatan","Daring",847.27,514
101847,"Jawa Barat","Daring",2286.35,387
103662,"Jawa Barat","Luring",691.46,891
102930,"Jawa Barat","Daring",269.9,132
103496,"Jawa Barat","Luring",1429.22,613
101346,"Jawa Barat","Daring",1204.71,531
102895,"Jawa Barat","Daring",2270.89,375
101493,"Jawa Barat","Luring",2304.07,466
102827,"Jawa Barat","Daring",2122.09,252
101919,"Papua","Daring",1098.38,451
102661,"Jawa Barat","Luring",2409.25,329
102306,"Jawa Barat","Daring",537.26,202
101024,"Jawa Tengah","Daring",1499.03,599
103902,"Jawa Barat","Daring",2110.06,450
101340,"Jawa Tengah","Luring",1679.87,172
104491,"Jawa Barat","Daring",1363.71,282
103636,"Papua","Daring",934.35,565
100677,"Sulawesi Selatan","Daring",79.51,101
101883,"Jawa Tengah","Daring",641.3,633
104925,"Jawa Tengah","Daring",1450.06,367
102944,"Papua","Luring",2073.09,830
103109,"Jawa Tengah","Daring",23.14,409
101530,"Jawa Tengah","Daring",1495.04,273
100427,"Jawa Barat","Daring",1303.97,881
100358,"Jawa Tengah","Daring",2456.87,58
101004,"Papua","Daring",2136.62,104
104276,"Jawa Tengah","Daring",2472.34,855
101446,"Jawa Barat","Luring",888.25,42
102304,"Jawa Barat","Luring",1157.55,705
101830,"Jawa Barat","Daring",335.26,657
101979,"Papua","Daring",1286.42,843
104376,"Jawa Tengah","Luring",1790.29,685
103316,"Jawa Tengah","Daring",346.34,836
100780,"Jawa Barat","Luring",2293.9,136
104913,"Sulawesi Selatan","Daring",480.62,168
104822,"Sulawesi Selatan","Daring",1396.34,67
102568,"Jawa Tengah","Daring",1766.66,165
104999,"Jawa Barat","Luring",2379.89,331
104611,"Jawa Tengah","Daring",1826.57,413
102572,"Sulawesi Selatan","Daring",722.75,183
104022,"Jawa Tengah","Daring",1888.95,686
100858,"Jawa Barat","Daring",1096.65,80
101530,"Sulawesi Selatan","Luring",1252.23,10
100359,"Papua","Luring",497.47,12
103693,"Jawa Tengah","Luring",1449.1,386
101327,"Sulawesi Selatan","Daring",1132.36,21
102826,"Jawa Barat","Daring",816.17,54
100430,"Papua","Daring",2140.69,268
103999,"Sulawesi Selatan","Luring",2180.48,874
101207,"Papua","Luring",990.28,719
103734,"Jawa Tengah","Daring",1796.53,793
102190,"Jawa Barat","Daring",2074.07,676
101751,"Jawa Tengah","Luring",783.16,466
103564,"Sulawesi Selatan","Daring",1298.58,173
100339,"Sulawesi Selatan","Daring",1600.61,723
102688,"Papua","Luring",101.81,151
103340,"Sulawesi Selatan","Luring",647.53,87
104001,"Jawa Barat","Luring",1428.53,245
102994,"Jawa Tengah","Daring",2220.79,74
100674,"Jawa Tengah","Luring",2356.66,537
101438,"Jawa Tengah","Daring",2081.53,179
103125,"Jawa Tengah","Daring",543.86,570
103609,"Sulawesi Selatan","Daring",111.56,302
102072,"Jawa Barat","Daring",1531.9,494
102039,"Sulawesi Selatan","Daring",1883.28,718
102113,"Jawa Tengah","Daring",2346.4,646
104714,"Jawa Barat","Daring",2492.64,266
104294,"Jawa Barat","Luring",1396.09,798
102799,"Sulawesi Selatan","Luring",2243.79,464
100641,"Jawa Tengah","Luring",1936.7,274
101726,"Jawa Tengah","Daring",141.21,464
102356,"Jawa Tengah","Luring",977.3,84
104508,"Jawa Barat","Luring",534.24,332
102219,"Jawa Tengah","Luring",2359.13,559
100063,"Jawa Barat","Luring",1059.66,753
103302,"Papua","Daring",340.57,595
102162,"Jawa Barat","Daring",1505.22,341
101545,"Sulawesi Selatan","Luring",965.22,96
104009,"Papua","Luring",1592.98,145
104494,"Jawa Barat","Daring",496.83,377
102576,"Sulawesi Selatan","Daring",1025.95,826
102211,"Papua","Luring",1200.07,640
102530,"Jawa Tengah","Daring",2307.06,724
100051,"Jawa Tengah","Daring",1932.43,59
103687,"Sulawesi Selatan","Daring",804.46,849
102367,"Jawa Barat","Luring",726.19,681
100492,"Jawa Tengah","Daring",1005.1,256
103518,"Jawa Tengah","Luring",2326.46,895
101586,"Jawa Barat","Daring",2446.78,171
103699,"Jawa Barat","Luring",1970.04,304
101678,"Jawa Tengah","Luring",401.92,43
101141,"Sulawesi Selatan","Luring",2110.76,429
101794,"Jawa Tengah","Daring",1973.11,875
103325,"Papua","Daring",2242.56,361
104118,"Sulawesi Selatan","Daring",274.27,144
104487,"Papua","Luring",1880.55,886
101506,"Jawa Barat","Daring",1494.86,823
104121,"Jawa Barat","Daring",382.67,385
102142,"Sulawesi Selatan","Daring",1621.87,569
103638,"Jawa Barat","Luring",2164.53,240
101069,"Jawa Barat","Luring",417.85,249
102393,"Papua","Daring",1438.41,84
100253,"Jawa Barat","Luring",345.27,760
104977,"Jawa Barat","Daring",2236.63,280
104832,"Jawa Barat","Daring",559.87,301
103478,"Sulawesi Selatan","Luring",2179.9,413
103659,"Jawa Tengah","Daring",116.27,33
100190,"Jawa Barat","Daring",639.31,377
101936,"Jawa Barat","Luring",161.01,435
104182,"Jawa Barat","Luring",2104.22,780
103397,"Jawa Barat","Daring",2262.55,693
101119,"Sulawesi Selatan","Daring",1647.33,515
102592,"Papua","Luring",1385.66,401
101104,"Jawa Tengah","Luring",813.07,871
101707,"Jawa Barat","Daring",1150.68,467
100116,"Jawa Barat","Luring",1651.27,651
100890,"Jawa Tengah","Daring",615.7,516
100352,"Jawa Barat","Luring",339.16,36
101639,"Sulawesi Selatan","Luring",1177.87,310
100672,"Jawa Barat","Luring",1418.01,17
100358,"Sulawesi Selatan","Daring",1403.69,896
101004,"Jawa Barat","Luring",594.63,384
100233,"Jawa Barat","Luring",463.55,853
100095,"Jawa Barat","Daring",1588.79,828
100242,"Jawa Tengah","Daring",588.83,834
100356,"Sulawesi Selatan","Daring",1759.03,456
101006,"Jawa Tengah","Luring",2145.9,171
100707,"Sulawesi Selatan","Daring",1256.9,472
102264,"Jawa Tengah","Daring",2219.6,523
101643,"Jawa Tengah","Daring",2105.49,516
100745,"Jawa Tengah","Daring",400.12,749
101540,"Jawa Tengah","Luring",2124.72,288
104167,"Jawa Barat","Daring",557.2,885
101931,"Jawa Barat","Daring",1448.33,404
101391,"Papua","Luring",465.44,602
100180,"Jawa Tengah","Daring",1556.58,397
101111,"Sulawesi Selatan","Daring",844.66,803
100109,"Sulawesi Selatan","Daring",1988.09,344
102750,"Sulawesi Selatan","Daring",742.29,792
101408,"Jawa Barat","Daring",1770.58,890
102346,"Sulawesi Selatan","Daring",1123.62,703
101671,"Jawa Barat","Daring",1673.28,568
100693,"Papua","Luring",660.47,506
101186,"Jawa Barat","Luring",1900.74,828
104359,"Jawa Barat","Daring",105.68,628
101954,"Sulawesi Selatan","Daring",2222.5,477
102590,"Jawa Barat","Daring",274.87,715
103434,"Jawa Barat","Luring",1567.06,390
104293,"Jawa Tengah","Daring",1550.8,371
101683,"Papua","Daring",1859.19,681
103572,"Sulawesi Selatan","Daring",731.11,69
103470,"Sulawesi Selatan","Luring",1428.3,731
103988,"Sulawesi Selatan","Daring",1791.93,328
103220,"Papua","Luring",1285.35,80
100680,"Jawa Tengah","Daring",1576.38,400
104617,"Sulawesi Selatan","Luring",422.74,572
101179,"Jawa Tengah","Daring",1046.6,153
104923,"Jawa Tengah","Daring",1419.82,720
101923,"Sulawesi Selatan","Luring",871.86,78
100470,"Jawa Barat","Luring",776.79,258
100340,"Jawa Barat","Daring",1697.7,135
104628,"Jawa Tengah","Daring",2066.72,491
103414,"Jawa Barat","Daring",1289.15,383
102375,"Jawa Barat","Daring",1384.04,670
103141,"Jawa Barat","Luring",1031.03,38
104364,"Jawa Tengah","Daring",1495.86,250
102529,"Sulawesi Selatan","Daring",2370.44,575
103946,"Jawa Tengah","Daring",723.65,611
100289,"Papua","Luring",583.13,428
103608,"Papua","Luring",1624.06,77
101564,"Jawa Tengah","Daring",1664.56,825
104786,"Jawa Barat","Daring",2417.5,116
103596,"Jawa Barat","Daring",1760.61,95
104221,"Jawa Barat","Daring",802.88,656
101355,"Sulawesi Selatan","Luring",1303.18,421
103816,"Jawa Barat","Daring",919.2,424
102328,"Jawa Barat","Daring",753.97,570
104138,"Sulawesi Selatan","Luring",1939.13,339
102755,"Jawa Barat","Luring",1696.69,692
103004,"Sulawesi Selatan","Daring",146.8,874
104381,"Papua","Luring",2196.18,762
104720,"Papua","Daring",1712.8,175
102547,"Jawa Barat","Daring",1943.78,709
103937,"Sulawesi Selatan","Daring",1520.09,273
101764,"Jawa Barat","Daring",2204.11,133
101262,"Jawa Barat","Daring",1477.84,773
103245,"Jawa Barat","Luring",1677.63,687
101557,"Jawa Tengah","Daring",50.47,684
100878,"Jawa Tengah","Daring",1324.04,197
101729,"Papua","Daring",2031.67,144
100021,"Jawa Barat","Luring",1368.36,775
102326,"Sulawesi Selatan","Luring",364.5,488
102363,"Jawa Tengah","Daring",723.73,716
100624,"Jawa Tengah","Daring",1545.71,418
101031,"Sulawesi Selatan","Luring",1485.88,518
102307,"Sulawesi Selatan","Daring",1411.8,769
101068,"Papua","Luring",1638.44,301
101553,"Jawa Barat","Luring",933.44,84
104593,"Sulawesi Selatan","Daring",1889.4,151
100503,"Jawa Barat","Luring",1476.57,437
103566,"Jawa Tengah","Daring",981.47,541
104573,"Jawa Tengah","Daring",1837.44,888
104049,"Jawa Tengah","Daring",1684.77,891
104784,"Jawa Tengah","Daring",1731.59,91
104717,"Jawa Barat","Daring",459.59,692
101332,"Jawa Barat","Luring",866.74,553
100776,"Jawa Barat","Luring",1049.65,487
104006,"Jawa Barat","Luring",257.23,448
102430,"Jawa Barat","Luring",801.06,46
103085,"Jawa Barat","Daring",2185.04,417
104254,"Jawa Barat","Daring",254.41,449
101652,"Sulawesi Selatan","Luring",556.61,535
103144,"Jawa Tengah","Luring",918.28,171
101646,"Jawa Barat","Daring",475.44,727
101546,"Jawa Barat","Daring",424.81,396
104943,"Jawa Tengah","Luring",670.03,331
102370,"Sulawesi Selatan","Luring",980.02,451
102009,"Jawa Barat","Daring",2214.23,860
100558,"Sulawesi Selatan","Luring",783.88,669
104205,"Jawa Tengah","Daring",1338.06,707
104118,"Jawa Tengah","Luring",933.4,18
103973,"Jawa Tengah","Luring",380.59,301
103973,"Sulawesi Selatan","Luring",844.45,816
103897,"Sulawesi Selatan","Daring",1303.89,771
101198,"Sulawesi Selatan","Daring",1980.27,510
102635,"Sulawesi Selatan","Luring",2229.53,665
104640,"Papua","Daring",1187.49,453
102658,"Jawa Barat","Daring",919.48,621
104518,"Papua","Luring",859.68,556
103660,"Jawa Barat","Daring",1569.81,755
100346,"Jawa Barat","Luring",1993.27,5
100035,"Jawa Tengah","Luring",1421.59,108
104791,"Sulawesi Selatan","Daring",74.18,379
100556,"Jawa Barat","Daring",2123.45,745
101978,"Jawa Barat","Daring",800.32,292
102678,"Jawa Tengah","Daring",1114.31,253
104581,"Jawa Tengah","Daring",249.51,302
103175,"Jawa Barat","Daring",2116.39,585
100209,"Jawa Tengah","Daring",761.1,727
101025,"Jawa Tengah","Luring",322.2,114
102511,"Jawa Barat","Luring",715.75,498
104278,"Papua","Daring",2207.26,256
102760,"Jawa Barat","Daring",1396.29,45
100302,"Jawa Barat","Luring",2228.3,146
101790,"Jawa Barat","Luring",1768.73,155
103503,"Jawa Tengah","Luring",682.33,757
103410,"Jawa Barat","Luring",1162.19,780
101927,"Sulawesi Selatan","Daring",1423.43,816
100904,"Jawa Barat","Daring",1377.56,357
101720,"Jawa Tengah","Daring",1164.23,217
101882,"Jawa Tengah","Daring",2006.89,266
102784,"Jawa Barat","Luring",268.31,307
100746,"Jawa Barat","Daring",2437.8,404
100224,"Sulawesi Selatan","Luring",1892.66,77
102805,"Jawa Barat","Daring",254.95,251
104780,"Papua","Daring",2257.73,28
102112,"Jawa Tengah","Daring",637.81,314
102250,"Jawa Tengah","Daring",99.31,487
102371,"Jawa Tengah","Luring",1682.37,692
100042,"Jawa Barat","Luring",16.39,660
103797,"Jawa Barat","Luring",1682.41,556
100256,"Sulawesi Selatan","Daring",2325.46,545
101555,"Jawa Barat","Luring",1391.94,405
103801,"Jawa Tengah","Daring",1935.04,576
101890,"Jawa Barat","Luring",2475.11,392
102952,"Jawa Barat","Daring",937.79,113
102431,"Jawa Tengah","Daring",654.27,171
103127,"Jawa Barat","Daring",398.5,872
102030,"Jawa Barat","Daring",180.49,285
101948,"Sulawesi Selatan","Luring",2083.36,184
104040,"Sulawesi Selatan","Daring",531.82,807
101888,"Jawa Barat","Daring",926.82,386
104174,"Jawa Barat","Luring",1735.45,499
100356,"Sulawesi Selatan","Daring",491.39,160
104871,"Jawa Barat","Daring",519.21,83
100253,"Jawa Tengah","Luring",2364.13,425
101864,"Jawa Tengah","Luring",1628.53,759
103307,"Sulawesi Selatan","Daring",99.47,76
104781,"Jawa Barat","Daring",1679.69,799
102043,"Sulawesi Selatan","Daring",576.43,729
102845,"Jawa Barat","Luring",372.9,527
102783,"Jawa Tengah","Luring",2331.22,203
100118,"Papua","Daring",164.26,443
103832,"Jawa Barat","Daring",39.52,856
100369,"Jawa Tengah","Daring",1563.35,311
101985,"Jawa Barat","Luring",2012.07,797
100583,"Jawa Tengah","Daring",564.84,508
101086,"Sulawesi Selatan","Daring",367.67,738
100617,"Sulawesi Selatan","Daring",2480.5,285
102262,"Jawa Tengah","Luring",2057.8,847
102935,"Jawa Tengah","Luring",963.68,621
104942,"Papua","Luring",749.63,492
104746,"Jawa Tengah","Luring",1742.83,668
101753,"Sulawesi Selatan","Luring",963.37,25
103017,"Jawa Tengah","Luring",2193.29,427
101188,"Jawa Barat","Daring",2365.84,19
101793,"Jawa Tengah","Daring",199.24,438
104094,"Jawa Tengah","Daring",1085.15,135
101130,"Sulawesi Selatan","Luring",1102.7,74
100047,"Jawa Barat","Luring",1498.61,44
104621,"Jawa Barat","Daring",199.22,723
101968,"Jawa Tengah","Daring",1456.83,238
101428,"Jawa Barat","Luring",1589.12,165
101227,"Jawa Tengah","Luring",1219.97,813
103936,"Sulawesi Selatan","Daring",1814.75,614
102082,"Jawa Barat","Luring",125.15,683
100549,"Papua","Luring",2362.15,349
103313,"Jawa Barat","Daring",945.62,341
101439,"Jawa Tengah","Daring",725.04,342
103058,"Sulawesi Selatan","Daring",2195.24,309
100366,"Sulawesi Selatan","Daring",852.27,757
101232,"Jawa Barat","Daring",1282.25,681
101390,"Jawa Tengah","Luring",2030.13,597
101086,"Jawa Tengah","Daring",1426.09,848
104367,"Jawa Barat","Daring",1976.83,368
100837,"Jawa Barat","Luring",2102.01,14
101802,"Jawa Barat","Daring",2305.11,721
104784,"Sulawesi Selatan","Daring",2284.05,61
103704,"Sulawesi Selatan","Daring",2499.81,152
100639,"Jawa Tengah","Daring",1646.83,513
100199,"Jawa Barat","Daring",683.14,440
103622,"Papua","Daring",914.2,754
101851,"Sulawesi Selatan","Daring",596.48,205
104799,"Jawa Tengah","Luring",980.41,898
102382,"Jawa Barat","Daring",1719.47,781
103556,"Jawa Barat","Daring",1102.22,121
101249,"Papua","Luring",822.62,39
102024,"Jawa Barat","Daring",1069.87,158
103551,"Sulawesi Selatan","Daring",1182.2,151
103788,"Jawa Barat","Daring",2242.43,17
100692,"Jawa Tengah","Luring",2112.25,687
101273,"Jawa Barat","Daring",1543.73,433
103142,"Jawa Barat","Daring",1662.53,602
104274,"Jawa Barat","Luring",1317.78,196
102996,"Jawa Barat","Daring",200.19,848
104801,"Jawa Barat","Daring",2159.56,751
103754,"Sulawesi Selatan","Daring",2445.67,655
104042,"Jawa Tengah","Daring",809.2,638
104293,"Jawa Tengah","Daring",1832.78,539
102826,"Jawa Barat","Luring",141.21,234
104155,"Jawa Barat","Luring",551.53,423
103518,"Papua","Luring",2314.88,704
104440,"Jawa Barat","Luring",273.2,411
102847,"Jawa Barat","Daring",996.61,793
103066,"Jawa Barat","Daring",637.82,663
100276,"Sulawesi Selatan","Daring",1321.85,190
100662,"Jawa Barat","Luring",1449.88,745
104896,"Sulawesi Selatan","Daring",1980.03,747
104199,"Jawa Tengah","Daring",715.49,335
104281,"Jawa Barat","Luring",1352.63,755
104780,"Jawa Barat","Luring",1340.39,763
101696,"Jawa Barat","Daring",35.54,443
103293,"Jawa Tengah","Daring",1269.55,756
101545,"Jawa Barat","Daring",798.52,516
101250,"Jawa Tengah","Daring",1944.01,768
104239,"Jawa Tengah","Daring",1149.05,158
103013,"Sulawesi Selatan","Daring",2289.6,394
102200,"Jawa Tengah","Daring",457.96,893
101539,"Jawa Tengah","Luring",1534.3,204
101863,"Jawa Tengah","Daring",1642.51,126
102858,"Jawa Barat","Daring",1260.54,627
103857,"Jawa Tengah","Luring",184.37,706
102966,"Sulawesi Selatan","Luring",51.27,863
100943,"Jawa Tengah","Daring",1188.88,231
100112,"Jawa Barat","Daring",708.73,693
102899,"Jawa Barat","Daring",1904.27,288
104773,"Jawa Barat","Daring",2330.97,698
103019,"Papua","Daring",177.8,585
103678,"Jawa Barat","Luring",832,451
104115,"Jawa Tengah","Daring",1679.82,153
103642,"Jawa Tengah","Daring",2165.96,361
104978,"Jawa Tengah","Luring",1087.45,773
101550,"Jawa Tengah","Luring",2194.61,387
103504,"Sulawesi Selatan","Luring",740.98,643
100979,"Jawa Tengah","Daring",1588.84,589
103804,"Sulawesi Selatan","Luring",2429.77,815
104321,"Jawa Barat","Daring",835.08,846
102958,"Jawa Barat","Daring",1361.65,843
100350,"Jawa Tengah","Luring",2044.93,889
104058,"Papua","Luring",1547.56,862
104399,"Sulawesi Selatan","Daring",1448.04,470
103972,"Jawa Tengah","Daring",2137.71,478
100137,"Jawa Tengah","Luring",2356.37,664
103987,"Jawa Barat","Luring",2100.49,803
103399,"Jawa Tengah","Luring",877.82,677
104809,"Jawa Tengah","Luring",1403.07,255
100731,"Papua","Daring",2051.07,587
104430,"Jawa Barat","Luring",671.23,370
100914,"Papua","Luring",2286.3,473
100176,"Jawa Barat","Daring",609.32,422
100963,"Sulawesi Selatan","Daring",332.46,729
100035,"Jawa Barat","Daring",1802.08,567
102928,"Jawa Barat","Daring",2008.48,831
100682,"Jawa Barat","Daring",2250.06,224
104555,"Jawa Barat","Daring",391.7,837
100233,"Jawa Tengah","Daring",408.62,895
102970,"Papua","Daring",1877.12,102
100332,"Jawa Barat","Luring",1886.87,513
104386,"Jawa Barat","Daring",1173.91,9
102457,"Jawa Tengah","Daring",1668.32,590
103437,"Sulawesi Selatan","Luring",958.67,503
100388,"Jawa Tengah","Daring",2061.8,282
100035,"Papua","Daring",347.85,407
103995,"Jawa Barat","Luring",2374.76,749
102906,"Jawa Barat","Daring",2116.36,184
100683,"Jawa Barat","Daring",1687.25,303
101221,"Sulawesi Selatan","Daring",637.94,40
100424,"Jawa Barat","Daring",374.12,758
104325,"Jawa Barat","Daring",282.1,62
104333,"Papua","Luring",1142.47,782
100513,"Jawa Barat","Daring",1242.77,283
100826,"Jawa Barat","Daring",2380.81,396
101109,"Jawa Barat","Daring",1320.31,604
101448,"Jawa Tengah","Luring",2343.05,532
102164,"Jawa Tengah","Daring",2258.49,538
103521,"Jawa Tengah","Daring",88.79,850
104164,"Jawa Barat","Luring",2160.47,601
101892,"Jawa Tengah","Daring",1493.72,548
101992,"Jawa Barat","Daring",942.54,721
104177,"Jawa Tengah","Daring",740.15,881
104273,"Jawa Tengah","Daring",645.34,841
103254,"Jawa Tengah","Daring",1565.03,254
103899,"Sulawesi Selatan","Luring",1842.08,538
101130,"Sulawesi Selatan","Daring",1245.76,343
103715,"Jawa Tengah","Luring",1129.1,805
102495,"Sulawesi Selatan","Daring",1442.32,821
100041,"Sulawesi Selatan","Daring",910.04,805
103619,"Jawa Tengah","Daring",724.22,140
102064,"Jawa Barat","Daring",1739.56,832
104867,"Jawa Tengah","Daring",440.79,22
102646,"Jawa Tengah","Daring",2093.66,403
100674,"Jawa Tengah","Daring",1409.41,403
104393,"Papua","Luring",377.81,482
101345,"Jawa Tengah","Daring",271.18,724
102854,"Jawa Barat","Luring",192.46,239
101522,"Jawa Barat","Luring",2243.28,102
103240,"Jawa Barat","Daring",325.15,723
102320,"Jawa Barat","Daring",1234.11,702
103938,"Sulawesi Selatan","Daring",442.82,837
101191,"Jawa Tengah","Daring",382.49,631
103328,"Jawa Tengah","Luring",888.21,770
100989,"Sulawesi Selatan","Luring",619.34,66
100894,"Jawa Tengah","Daring",1483.15,504
100441,"Jawa Tengah","Luring",1535.72,370
100253,"Jawa Barat","Daring",956.52,649
102956,"Sulawesi Selatan","Daring",568.09,135
101116,"Jawa Tengah","Daring",1440.91,37
103499,"Sulawesi Selatan","Daring",1526.98,546
100199,"Jawa Tengah","Luring",2061.57,239
102425,"Jawa Barat","Luring",610.3,145
100366,"Jawa Tengah","Luring",245.11,544
100260,"Jawa Tengah","Daring",847.5,783
102744,"Jawa Barat","Luring",996.59,230
103584,"Sulawesi Selatan","Daring",72.23,279
102658,"Jawa Tengah","Daring",1367,714
103050,"Jawa Tengah","Daring",2485.98,179
100771,"Jawa Tengah","Luring",79.6,479
102780,"Jawa Tengah","Luring",2229.62,411
103126,"Papua","Daring",952.76,457
101032,"Jawa Barat","Luring",767.16,146
101206,"Papua","Daring",1958.33,624
104381,"Jawa Barat","Daring",769.6,619
104018,"Jawa Barat","Luring",2469.97,80
100727,"Jawa Barat","Daring",377.6,614
100756,"Jawa Barat","Luring",2211.1,818
100836,"Papua","Daring",211.31,42
103476,"Sulawesi Selatan","Daring",846.81,461
101070,"Jawa Tengah","Luring",2354.37,274
100902,"Jawa Barat","Daring",1169.64,136
102903,"Sulawesi Selatan","Luring",2412.98,653
102039,"Jawa Barat","Luring",1108.14,231
101674,"Jawa Barat","Luring",394.9,268
100313,"Jawa Barat","Luring",2485.02,606
101050,"Jawa Barat","Daring",430.38,118
100991,"Jawa Tengah","Luring",782.81,788
104348,"Jawa Tengah","Luring",2456.51,308
104759,"Jawa Tengah","Daring",1330.89,168
101800,"Jawa Barat","Daring",779.34,877
101539,"Jawa Barat","Luring",1709.85,624
102294,"Jawa Tengah","Luring",1638.7,471
100810,"Papua","Luring",2219.75,337
104659,"Sulawesi Selatan","Daring",1923.7,378
101915,"Jawa Barat","Daring",1000.13,499
100862,"Sulawesi Selatan","Luring",648.77,477
104456,"Jawa Tengah","Daring",1239.72,213
104010,"Sulawesi Selatan","Luring",2479.42,347
103564,"Jawa Barat","Daring",1741.7,326
103022,"Papua","Luring",1627.87,676
102226,"Jawa Barat","Luring",559.5,522
104874,"Sulawesi Selatan","Luring",117.24,334
104930,"Jawa Barat","Luring",1572.12,275
101126,"Jawa Barat","Luring",1854.9,845
102639,"Jawa Barat","Luring",546.44,281
104861,"Jawa Barat","Daring",2341.19,8
103836,"Papua","Luring",412.03,210
103479,"Papua","Daring",2190.14,194
100657,"Sulawesi Selatan","Daring",392.55,785
102534,"Jawa Barat","Daring",1391.92,725
104155,"Sulawesi Selatan","Daring",1830.88,94
100210,"Sulawesi Selatan","Luring",817.66,895
102578,"Jawa Tengah","Daring",1864.87,34
102917,"Jawa Tengah","Luring",862.3,739
102461,"Jawa Barat","Daring",1260.26,406
100327,"Jawa Barat","Daring",691.33,67
104661,"Jawa Barat","Luring",2360.68,125
102614,"Jawa Barat","Daring",2368.1,862
103276,"Jawa Tengah","Luring",1350.95,371
101164,"Sulawesi Selatan","Luring",1401.03,272
104313,"Jawa Barat","Daring",465.7,600
101009,"Jawa Tengah","Luring",1819.95,30
103306,"Jawa Barat","Luring",2432.48,837
104585,"Jawa Tengah","Luring",1577.08,257
101260,"Jawa Tengah","Daring",1752.17,98
102098,"Jawa Tengah","Luring",588.31,399
100392,"Jawa Barat","Luring",1692.24,524
102063,"Jawa Barat","Daring",1739.43,582
103025,"Jawa Barat","Daring",1232.89,55
104332,"Sulawesi Selatan","Luring",1427.56,414
101248,"Jawa Tengah","Daring",319.52,154
102884,"Jawa Barat","Luring",599.08,156
103089,"Jawa Barat","Luring",2187.38,806
102102,"Sulawesi Selatan","Luring",1293.06,534
103115,"Jawa Barat","Daring",1668.69,549
104443,"Jawa Tengah","Daring",101.55,766
100695,"Papua","Daring",1707.61,540
100949,"Jawa Tengah","Daring",1569.67,121
101807,"Jawa Barat","Luring",390.78,718
101229,"Sulawesi Selatan","Daring",1120.9,851
100881,"Papua","Daring",2070.19,596
102275,"Jawa Barat","Daring",654.82,753
104865,"Jawa Tengah","Luring",1018.26,586
102831,"Jawa Tengah","Daring",436.26,147
104163,"Papua","Daring",195.6,303
100234,"Jawa Tengah","Daring",1315.11,337
102044,"Jawa Barat","Daring",1419.12,746
101648,"Jawa Tengah","Daring",2218.74,637
104563,"Jawa Barat","Luring",620.69,283
100544,"Jawa Tengah","Daring",111.45,793
103884,"Jawa Tengah","Daring",1787.88,640
103337,"Jawa Barat","Luring",415.4,290
102195,"Jawa Tengah","Daring",778.32,844
100770,"Papua","Luring",30.9,430
101887,"Jawa Tengah","Daring",1552.29,694
103307,"Jawa Barat","Luring",194.97,424
100992,"Jawa Tengah","Daring",2378.9,469
104041,"Jawa Tengah","Daring",751.22,791
103341,"Jawa Barat","Luring",1678.58,156
102202,"Jawa Barat","Daring",472.15,761
101922,"Jawa Tengah","Luring",2272.83,231
103754,"Jawa Tengah","Daring",819.17,43
103015,"Jawa Barat","Daring",114.99,460
100545,"Papua","Luring",2200.44,454
104338,"Jawa Barat","Luring",1499.54,211
103913,"Jawa Barat","Daring",896.24,306
104350,"Papua","Daring",539.44,787
103596,"Sulawesi Selatan","Daring",2087.99,526
102880,"Jawa Tengah","Daring",1269,893
102237,"Jawa Barat","Daring",453.9,304
102511,"Jawa Tengah","Daring",293.27,772
102728,"Jawa Barat","Luring",1186.95,716
104662,"Sulawesi Selatan","Luring",2365.92,586
100015,"Sulawesi Selatan","Daring",2343.07,595
101294,"Papua","Daring",441.61,302
101104,"Jawa Barat","Daring",386.29,157
100125,"Sulawesi Selatan","Daring",2179.22,10
104981,"Jawa Barat","Luring",1353.62,95
101424,"Jawa Barat","Daring",1664.84,219
103313,"Jawa Tengah","Luring",358.47,85
100325,"Sulawesi Selatan","Daring",363.33,150
102496,"Sulawesi Selatan","Luring",546.55,805
101614,"Jawa Barat","Daring",2190.22,863
104570,"Jawa Barat","Daring",297.16,785
102764,"Jawa Tengah","Luring",1204.58,768
102874,"Papua","Daring",1851.63,571
104441,"Jawa Barat","Luring",790.06,612
104062,"Jawa Tengah","Daring",1854.93,24
102890,"Jawa Barat","Daring",171.98,227
104192,"Jawa Barat","Luring",2299.76,597
103251,"Jawa Tengah","Luring",1434.23,809
104711,"Jawa Barat","Daring",1517.18,26
104347,"Jawa Barat","Daring",2164.94,285
100196,"Jawa Tengah","Daring",1621.92,241
101200,"Jawa Barat","Luring",1160.59,712
104426,"Papua","Daring",2280.81,169
104304,"Jawa Barat","Daring",1140,399
100406,"Jawa Tengah","Daring",945.47,217
102639,"Jawa Barat","Daring",553.58,112
102654,"Jawa Barat","Luring",1612.38,222
103514,"Jawa Barat","Luring",1028.33,722
104331,"Sulawesi Selatan","Luring",164.9,28
102472,"Jawa Barat","Daring",763.26,665
100631,"Sulawesi Selatan","Luring",1563.92,883
101180,"Sulawesi Selatan","Daring",1216.78,57
101439,"Sulawesi Selatan","Daring",1354.17,281
104044,"Jawa Barat","Luring",231.18,382
102224,"Jawa Barat","Luring",46.41,568
101806,"Papua","Daring",22.19,339
102273,"Jawa Barat","Luring",1142.91,161
103214,"Jawa Barat","Daring",395.35,10
100283,"Jawa Tengah","Luring",1455.21,104
102427,"Jawa Tengah","Daring",475.47,256
101044,"Papua","Daring",485.37,105
100957,"Sulawesi Selatan","Daring",1680.16,9
103656,"Jawa Tengah","Daring",1155.57,390
100055,"Sulawesi Selatan","Daring",876.88,332
104725,"Jawa Tengah","Luring",1308.18,153
101599,"Jawa Tengah","Luring",766.76,683
104767,"Jawa Tengah","Daring",333.22,660
102882,"Papua","Luring",2487.08,585
101783,"Papua","Luring",1340.78,56
101905,"Jawa Tengah","Daring",501.72,817
102643,"Jawa Barat","Daring",140.6,562
100989,"Jawa Barat","Daring",1849,891
104719,"Papua","Daring",1645.4,591
100299,"Sulawesi Selatan","Luring",1058.53,188
104482,"Sulawesi Selatan","Daring",1975.34,515
102554,"Jawa Tengah","Daring",1506.56,606
102919,"Sulawesi Selatan","Luring",898.48,384
102644,"Jawa Barat","Daring",1945.09,72
101317,"Jawa Barat","Daring",1176.6,242
104526,"Jawa Barat","Daring",2284.04,756
101219,"Jawa Tengah","Luring",647.26,840
102754,"Jawa Barat","Luring",325.71,110
103969,"Jawa Tengah","Luring",810.01,287
104645,"Jawa Tengah","Luring",2162.84,609
103781,"Jawa Barat","Daring",1031.76,174
102548,"Sulawesi Selatan","Luring",539.46,283
103241,"Sulawesi Selatan","Daring",1121.49,768
101602,"Jawa Barat","Daring",2084.38,351
104535,"Jawa Barat","Daring",35.23,456
103121,"Jawa Tengah","Luring",303.79,143
101906,"Jawa Tengah","Daring",100.7,179
102380,"Jawa Barat","Daring",121.99,103
100152,"Jawa Tengah","Daring",828.72,78
102322,"Jawa Barat","Luring",602.51,602
102568,"Sulawesi Selatan","Daring",1531.12,476
100451,"Jawa Tengah","Luring",2104.44,828
103963,"Jawa Barat","Daring",943.34,39
101815,"Jawa Barat","Daring",88.69,677
100855,"Sulawesi Selatan","Luring",2337.1,232
100301,"Jawa Tengah","Daring",1132.15,192
102027,"Jawa Tengah","Luring",2033.58,651
101632,"Sulawesi Selatan","Daring",1843.16,33
103292,"Jawa Barat","Daring",1853.27,588
104103,"Jawa Tengah","Luring",1170.45,31
103937,"Sulawesi Selatan","Luring",1248.43,243
100002,"Jawa Barat","Luring",1808.36,847
102322,"Papua","Luring",1958.4,766
101174,"Jawa Barat","Daring",1517.97,6
100272,"Jawa Tengah","Daring",976.13,18
101837,"Jawa Barat","Luring",1224.64,519
104620,"Jawa Barat","Daring",766.18,769
100557,"Jawa Tengah","Daring",836.01,561
103054,"Jawa Barat","Daring",1261.27,854
100421,"Jawa Barat","Luring",1503.93,421
101416,"Jawa Barat","Daring",1126.55,197
104821,"Papua","Daring",764.33,280
102370,"Jawa Barat","Daring",686.12,78
103817,"Jawa Barat","Daring",2260.06,638
101046,"Sulawesi Selatan","Daring",1770.06,527
100654,"Jawa Barat","Daring",1344.12,487
103680,"Sulawesi Selatan","Daring",154.23,816
102900,"Jawa Tengah","Daring",1578.61,753
104927,"Jawa Tengah","Daring",1213.14,629
101496,"Jawa Tengah","Daring",1779.46,27
104082,"Jawa Barat","Daring",2220.37,21
100763,"Jawa Tengah","Luring",1239.81,191
104560,"Jawa Tengah","Daring",442.21,622
103482,"Jawa Tengah","Daring",2484.27,118
103129,"Jawa Tengah","Daring",594.06,210
103797,"Sulawesi Selatan","Luring",2118.56,473
100147,"Papua","Daring",634.2,765
100738,"Jawa Tengah","Luring",1116.1,209
102778,"Sulawesi Selatan","Daring",2188.54,84
104931,"Jawa Barat","Daring",1451.56,574
103339,"Jawa Barat","Luring",403.45,636
100689,"Jawa Barat","Luring",1008.91,32
102510,"Sulawesi Selatan","Luring",725.86,143
104010,"Jawa Tengah","Luring",1062.19,86
102207,"Papua","Daring",1448.31,835
102489,"Sulawesi Selatan","Luring",205.99,228
100953,"Jawa Tengah","Daring",517.29,347
101680,"Jawa Barat","Daring",299.49,554
103844,"Jawa Barat","Daring",2261.99,122
102256,"Jawa Barat","Luring",2042.96,308
100958,"Jawa Barat","Luring",1552.73,70
104598,"Sulawesi Selatan","Daring",1090.2,464
100214,"Jawa Tengah","Daring",1875.41,153
104482,"Jawa Barat","Luring",2456.82,64
102554,"Jawa Tengah","Daring",1540.95,284
102528,"Jawa Tengah","Daring",2449.5,425
100593,"Jawa Barat","Daring",1131.7,189
104136,"Jawa Barat","Luring",110.68,183
104405,"Jawa Barat","Daring",132.76,720
102359,"Sulawesi Selatan","Daring",293.99,415
104004,"Sulawesi Selatan","Luring",1469.38,216
104146,"Jawa Barat","Luring",1951.01,164
100460,"Jawa Barat","Daring",1860.84,879
102242,"Jawa Barat","Daring",386.59,462
101745,"Sulawesi Selatan","Daring",350.37,214
104727,"Jawa Barat","Daring",2161.42,110
101452,"Jawa Barat","Luring",1372.29,552
100178,"Jawa Barat","Daring",670.3,578
104663,"Jawa Barat","Daring",1432.23,603
104553,"Jawa Barat","Luring",451.85,612
100919,"Jawa Tengah","Daring",652.67,858
102907,"Sulawesi Selatan","Daring",121.2,597
103522,"Papua","Daring",1463.53,335
104300,"Jawa Barat","Daring",1917.63,727
101909,"Jawa Barat","Daring",51.47,671
104832,"Jawa Tengah","Daring",1095.73,858
100368,"Jawa Barat","Luring",1401.12,509
104314,"Papua","Daring",1415.6,360
104972,"Jawa Barat","Daring",489.94,296
104915,"Papua","Daring",2353.18,868
100007,"Jawa Barat","Daring",1837.29,778
103749,"Jawa Barat","Daring",140.37,221
101893,"Jawa Barat","Daring",470.49,164
100137,"Sulawesi Selatan","Luring",149.01,748
104493,"Jawa Barat","Daring",2331.83,827
101467,"Jawa Barat","Daring",2256.87,476
102167,"Sulawesi Selatan","Daring",1770.72,530
104291,"Sulawesi Selatan","Daring",1024.7,659
104496,"Jawa Tengah","Daring",1549.18,234
101481,"Jawa Tengah","Luring",425.78,74
103551,"Papua","Daring",1779.03,314
103305,"Jawa Barat","Luring",858,156
103970,"Jawa Barat","Luring",403.86,846
101516,"Jawa Barat","Daring",1427.26,378
102332,"Sulawesi Selatan","Daring",1497.22,153
103409,"Jawa Tengah","Luring",1102.54,521
101734,"Jawa Barat","Daring",1149.56,354
102496,"Jawa Tengah","Daring",1833.1,511
101220,"Sulawesi Selatan","Daring",776.05,163
102404,"Jawa Tengah","Luring",252.56,896
101155,"Jawa Tengah","Luring",141.28,274
103664,"Jawa Barat","Daring",330.47,544
103506,"Papua","Daring",2260.81,754
104653,"Jawa Tengah","Daring",1484.41,175
104037,"Jawa Tengah","Luring",570.21,512
101663,"Papua","Daring",1890.16,801
104047,"Jawa Barat","Daring",541.75,339
100582,"Jawa Tengah","Daring",2420.65,532
103331,"Jawa Tengah","Daring",1600.61,394
104380,"Jawa Barat","Daring",1032.45,854
101418,"Jawa Tengah","Luring",168.95,174
100400,"Jawa Tengah","Daring",552.1,507
101684,"Papua","Daring",278.02,378
103157,"Jawa Barat","Daring",1737.1,776
102087,"Jawa Barat","Luring",1627.93,210
103906,"Jawa Barat","Daring",1308.29,92
102081,"Jawa Barat","Luring",1422.52,461
102975,"Sulawesi Selatan","Daring",2017.24,658
100703,"Sulawesi Selatan","Luring",283.45,767
104845,"Jawa Barat","Daring",819.2,836
100318,"Jawa Barat","Luring",690.21,839
102296,"Sulawesi Selatan","Daring",1499.52,639
101430,"Jawa Barat","Luring",259.08,560
104384,"Jawa Barat","Daring",1436.63,403
102286,"Jawa Tengah","Daring",159.86,295
104629,"Jawa Barat","Daring",467.04,43
101565,"Jawa Barat","Luring",378.4,299
102428,"Jawa Barat","Luring",2148.16,358
103719,"Jawa Tengah","Daring",2362.26,226
103595,"Sulawesi Selatan","Daring",948.33,267
102233,"Sulawesi Selatan","Luring",608.91,555
101095,"Papua","Daring",1983.75,290
101251,"Jawa Tengah","Luring",579.41,211
104470,"Jawa Tengah","Daring",2438.42,212
102018,"Jawa Tengah","Daring",241.01,637
103821,"Sulawesi Selatan","Luring",129.15,531
104311,"Jawa Barat","Daring",1629.56,413
100237,"Jawa Tengah","Daring",1402.35,723
102076,"Papua","Daring",1753.66,609
102749,"Jawa Barat","Daring",200.65,406
102652,"Jawa Barat","Daring",1905.25,550
103476,"Sulawesi Selatan","Luring",2469.25,102
101029,"Jawa Barat","Luring",679.62,825
104087,"Jawa Tengah","Daring",1217.29,341
103582,"Sulawesi Selatan","Luring",245.81,779
102588,"Sulawesi Selatan","Daring",1930.51,771
100755,"Jawa Tengah","Daring",1857.53,381
100674,"Jawa Barat","Daring",2221.02,66
100387,"Jawa Tengah","Daring",211.79,568
102298,"Jawa Barat","Daring",1895.31,353
100702,"Papua","Daring",1170.18,661
104830,"Jawa Barat","Daring",2260.69,233
100036,"Jawa Barat","Daring",461.76,427
100767,"Jawa Tengah","Luring",796.71,839
104114,"Jawa Tengah","Luring",1655.44,298
100789,"Papua","Daring",1407.79,333
101565,"Jawa Barat","Daring",1933.46,464
101717,"Jawa Barat","Daring",309.59,789
102314,"Jawa Barat","Daring",162.14,554
100044,"Jawa Barat","Daring",1862.82,389
104215,"Jawa Tengah","Daring",1416.46,281
100500,"Jawa Barat","Luring",1792.13,30
103914,"Jawa Barat","Daring",1004.19,540
100211,"Sulawesi Selatan","Daring",1584.44,561
100561,"Sulawesi Selatan","Daring",966.46,28
104351,"Jawa Tengah","Daring",1755.11,101
102859,"Jawa Barat","Luring",2074.34,127
104182,"Jawa Tengah","Luring",1843.4,157
104052,"Jawa Barat","Daring",2466.53,873
100651,"Jawa Barat","Daring",705.92,393
101694,"Jawa Barat","Daring",573.74,205
103438,"Jawa Barat","Daring",2250.43,506
101736,"Jawa Barat","Daring",825.77,62
101797,"Sulawesi Selatan","Daring",887.23,168
100023,"Jawa Barat","Daring",1208.86,105
102645,"Jawa Tengah","Luring",1631.93,438
100688,"Jawa Barat","Daring",2290.05,369
104680,"Jawa Tengah","Daring",2018.47,491
101243,"Papua","Daring",1611.77,107
100121,"Jawa Barat","Daring",48.49,218
104789,"Jawa Tengah","Daring",2372.62,399
101924,"Papua","Daring",348.08,78
101662,"Sulawesi Selatan","Luring",1347.39,477
103170,"Sulawesi Selatan","Luring",1325.48,37
103574,"Jawa Tengah","Daring",824.8,537
100118,"Papua","Luring",1267.51,114
102455,"Jawa Barat","Luring",1567.01,657
102652,"Jawa Tengah","Daring",450.64,728
104399,"Jawa Barat","Luring",611.06,849
104092,"Jawa Tengah","Luring",2421.62,96
101379,"Sulawesi Selatan","Daring",2218.64,161
102138,"Jawa Tengah","Luring",1946.21,564
104528,"Jawa Tengah","Daring",2397.75,25
102638,"Jawa Tengah","Daring",59.34,564
102064,"Jawa Barat","Daring",301.03,793
102560,"Jawa Tengah","Daring",1076.71,68
100175,"Jawa Barat","Luring",1842.61,577
102963,"Jawa Barat","Daring",998.88,192
101670,"Jawa Tengah","Daring",837.59,486
103660,"Jawa Tengah","Luring",340.36,289
103308,"Jawa Barat","Daring",1430.02,599
102204,"Jawa Barat","Luring",522.26,569
101580,"Jawa Tengah","Daring",1644.16,27
100124,"Sulawesi Selatan","Daring",1787.84,729
101569,"Papua","Luring",2478.02,125
104667,"Jawa Tengah","Luring",1426.18,806
101343,"Jawa Barat","Daring",1516.45,284
101099,"Jawa Barat","Daring",1215.95,390
102804,"Jawa Tengah","Daring",711.48,454
101545,"Jawa Tengah","Daring",1701.18,342
104063,"Jawa Barat","Luring",1377.73,275
101621,"Jawa Tengah","Luring",1887.49,819
104944,"Sulawesi Selatan","Luring",2241.31,127
102942,"Jawa Barat","Daring",320.94,687
100952,"Sulawesi Selatan","Luring",2210.51,189
102270,"Jawa Tengah","Daring",616.47,151
103212,"Jawa Barat","Luring",2437.31,736
103270,"Jawa Tengah","Daring",1252.99,662
103311,"Jawa Barat","Daring",1180.92,667
101598,"Sulawesi Selatan","Daring",364.44,893
101146,"Jawa Barat","Luring",2223.91,416
102614,"Jawa Tengah","Daring",2255.39,418
102164,"Jawa Barat","Daring",1017.42,74
103040,"Jawa Tengah","Daring",501.04,387
100785,"Jawa Barat","Daring",267.75,771
103869,"Sulawesi Selatan","Daring",529.97,673
102209,"Jawa Barat","Luring",1580.52,724
101450,"Sulawesi Selatan","Luring",731.18,349
102802,"Jawa Barat","Luring",500.54,62
103060,"Jawa Tengah","Luring",1498.17,496
100456,"Sulawesi Selatan","Daring",1083.52,714
103353,"Jawa Barat","Luring",1815.91,703
100431,"Sulawesi Selatan","Daring",360.69,685
102427,"Jawa Barat","Luring",98.28,409
102330,"Sulawesi Selatan","Daring",2295.89,304
101990,"Jawa Barat","Luring",2487.67,550
103765,"Jawa Tengah","Luring",390.3,196
104287,"Sulawesi Selatan","Daring",2401.98,274
103565,"Jawa Barat","Luring",2384.41,895
103059,"Jawa Barat","Daring",270.88,348
103202,"Sulawesi Selatan","Daring",2357.98,758
100017,"Papua","Daring",2305.12,234
103021,"Jawa Tengah","Luring",1786.94,123
102167,"Sulawesi Selatan","Daring",690.88,753
104233,"Jawa Barat","Daring",1248.72,486
101660,"Jawa Barat","Daring",905.76,307
102447,"Jawa Tengah","Daring",1516.71,135
102911,"Jawa Tengah","Daring",1384.43,255
104782,"Jawa Barat","Luring",877.28,815
103240,"Papua","Daring",786.48,286
104163,"Sulawesi Selatan","Daring",1162.99,699
103273,"Jawa Tengah","Luring",1409.64,153
100630,"Jawa Barat","Luring",2002.18,502
103821,"Sulawesi Selatan","Luring",757.16,144
101679,"Jawa Barat","Daring",1531.91,393
100684,"Jawa Tengah","Daring",1847.77,353
104535,"Jawa Barat","Daring",2166.81,622
100291,"Sulawesi Selatan","Daring",1858.09,833
100526,"Jawa Barat","Luring",868.61,236
102211,"Jawa Tengah","Luring",1062.54,809
102438,"Sulawesi Selatan","Daring",1769.76,390
101934,"Papua","Luring",2080.35,717
100250,"Sulawesi Selatan","Luring",65.21,311
103835,"Jawa Barat","Luring",2375.68,703
104853,"Sulawesi Selatan","Luring",468.39,862
104479,"Jawa Barat","Luring",1245.91,306
101242,"Jawa Barat","Luring",47.66,774
102260,"Jawa Tengah","Daring",77.27,564
102592,"Sulawesi Selatan","Luring",1034.91,21
100205,"Jawa Tengah","Daring",136.39,108
101108,"Sulawesi Selatan","Luring",485.06,621
104552,"Jawa Tengah","Luring",1042.38,214
102898,"Jawa Barat","Luring",1404.61,112
103304,"Jawa Barat","Daring",596.7,643
103025,"Jawa Barat","Luring",1192.53,397
102134,"Sulawesi Selatan","Daring",867.44,239
102806,"Sulawesi Selatan","Daring",1794.83,178
103780,"Sulawesi Selatan","Daring",1285.94,357
101937,"Jawa Barat","Luring",635.22,476
102551,"Sulawesi Selatan","Daring",361.97,712
100562,"Jawa Barat","Daring",1960.3,308
104957,"Jawa Barat","Luring",1863.12,194
104022,"Jawa Barat","Luring",244.47,479
101405,"Jawa Barat","Luring",839.07,373
104953,"Jawa Barat","Luring",885.27,27
102717,"Jawa Tengah","Luring",1799.93,27
101710,"Sulawesi Selatan","Daring",243.84,666
100661,"Jawa Barat","Luring",848.1,81
103454,"Jawa Barat","Daring",379.46,498
100379,"Jawa Tengah","Daring",994.26,711
103048,"Sulawesi Selatan","Daring",992.16,46
103860,"Jawa Barat","Luring",25.34,272
103969,"Jawa Barat","Daring",1866.74,503
104519,"Papua","Daring",1636.32,286
103825,"Jawa Barat","Daring",826.59,247
103834,"Jawa Tengah","Daring",383.98,182
104836,"Sulawesi Selatan","Luring",1873.18,508
100397,"Jawa Barat","Daring",1863.92,20
104717,"Sulawesi Selatan","Luring",1717.7,662
103302,"Sulawesi Selatan","Daring",1938.53,406
103639,"Jawa Barat","Luring",2047.34,91
100807,"Sulawesi Selatan","Luring",1352.61,747
102829,"Jawa Barat","Luring",699.39,504
103279,"Jawa Barat","Luring",633.99,350
103118,"Jawa Barat","Daring",362.64,305
100077,"Jawa Tengah","Daring",492.4,858
100959,"Jawa Barat","Luring",2093.86,481
104440,"Jawa Tengah","Daring",1867.81,146
100781,"Jawa Tengah","Daring",2335.44,314
104848,"Papua","Daring",703.95,391
100806,"Jawa Tengah","Luring",419.99,301
102811,"Jawa Barat","Daring",1018.31,618
100439,"Jawa Tengah","Luring",1604.84,287
104539,"Jawa Barat","Daring",2015.51,261
102894,"Sulawesi Selatan","Daring",117.96,415
101132,"Papua","Luring",1665.66,750
100456,"Jawa Tengah","Luring",1070.48,298
102108,"Jawa Barat","Daring",1205.56,190
102778,"Jawa Tengah","Daring",1178.66,360
103938,"Jawa Barat","Daring",699.54,754
100429,"Jawa Tengah","Luring",615.06,602
102578,"Jawa Tengah","Daring",166.9,835
102152,"Jawa Barat","Luring",1196.55,613
100503,"Jawa Barat","Daring",1942.59,184
100973,"Jawa Barat","Luring",549.12,386
102150,"Papua","Luring",724.41,556
102300,"Jawa Barat","Daring",309.61,843
101756,"Jawa Barat","Daring",1292,287
100768,"Jawa Tengah","Daring",277.48,296
101625,"Sulawesi Selatan","Daring",524.34,583
104638,"Jawa Barat","Daring",484.32,498
103878,"Sulawesi Selatan","Daring",709.55,661
104854,"Jawa Tengah","Luring",1845.28,680
104672,"Jawa Tengah","Daring",1559.47,772
103686,"Sulawesi Selatan","Luring",789.45,844
102927,"Jawa Tengah","Daring",1149.01,121
100951,"Jawa Barat","Daring",100.48,762
103189,"Jawa Barat","Luring",1081.07,719
102700,"Jawa Tengah","Luring",580.62,708
103776,"Jawa Barat","Daring",2243.81,29
100284,"Jawa Tengah","Daring",2321.59,496
102504,"Jawa Barat","Daring",2183.09,60
101873,"Jawa Barat","Luring",1655.13,646
104932,"Jawa Tengah","Daring",659.12,138
101942,"Jawa Tengah","Daring",702.72,648
103060,"Papua","Daring",1972.53,578
103230,"Papua","Daring",1257.08,76
103110,"Jawa Tengah","Luring",1497.49,758
100039,"Jawa Tengah","Daring",1774.47,30
104767,"Sulawesi Selatan","Daring",1407.57,748
103553,"Jawa Barat","Daring",1345.44,614
100061,"Jawa Barat","Daring",2235.68,735
102256,"Jawa Barat","Luring",1950.32,373
103383,"Jawa Barat","Luring",250.45,502
103692,"Papua","Daring",2015.39,190
101732,"Sulawesi Selatan","Daring",2455.5,725
101995,"Jawa Tengah","Luring",360.69,443
101456,"Jawa Barat","Luring",2163.74,819
100234,"Jawa Barat","Luring",1064.93,717
102197,"Jawa Barat","Luring",624.94,259
101207,"Sulawesi Selatan","Luring",1966.68,243
104969,"Jawa Barat","Daring",1378.02,296
100174,"Jawa Tengah","Luring",192.47,723
103340,"Jawa Barat","Luring",1726.08,268
102702,"Jawa Tengah","Daring",1444.44,785
101833,"Jawa Barat","Daring",585.63,723
100254,"Jawa Barat","Daring",1754.21,120
100561,"Sulawesi Selatan","Luring",1025.09,427
104829,"Jawa Tengah","Luring",132.38,862
104891,"Jawa Barat","Luring",111.94,92
104252,"Jawa Barat","Luring",1101.05,703
